,main_runs/postnetworks/elec_s370_37m_lv1.2__Co2L0-2H-T-H-B-I-A-solar+p2-ldemItranIp200_2050.nc,main_runs/postnetworks/elec_s370_37m_lv1.2__Co2L0-2H-T-H-B-I-A-solar+p2-ldemItranIp250_2050.nc,main_runs/postnetworks/elec_s370_37m_lv1.2__Co2L0-2H-T-H-B-I-A-solar+p2-ldemItranIp300_2050.nc,main_runs/postnetworks/elec_s370_37m_lv1.2__Co2L0-2H-T-H-B-I-A-solar+p2-ldemItranIp350_2050.nc,main_runs/postnetworks/elec_s370_37m_lv1.2__Co2L0-2H-T-H-B-I-A-solar+p2-ldemItranIp400_2050.nc,main_runs/postnetworks/elec_s370_37m_lv1.2__Co2L0-2H-T-H-B-I-A-solar+p2-ldemItranIp450_2050.nc,main_runs/postnetworks/elec_s370_37m_lv1.2__Co2L0-2H-T-H-B-I-A-solar+p2-ldemItranIp500_2050.nc,main_runs/postnetworks/elec_s370_37m_lv1.2__Co2L0-2H-T-H-B-I-A-solar+p2-ldemItranIp550_2050.nc,main_runs/postnetworks/elec_s370_37m_lv1.2__Co2L0-2H-T-H-B-I-A-solar+p2-ldemItranIp600_2050.nc,main_runs/postnetworks/elec_s370_37m_lv1.2__Co2L0-2H-T-H-B-I-A-solar+p2-ldemItranIp650_2050.nc,main_runs/postnetworks/elec_s370_37m_lv1.2__Co2L0-2H-T-H-B-I-A-solar+p2-ldemItranIp700_2050.nc,main_runs/postnetworks/elec_s370_37m_lv1.2__Co2L0-2H-T-H-B-I-A-solar+p2-ldemItranIp750_2050.nc,main_runs/postnetworks/elec_s370_37m_lv1.2__Co2L0-2H-T-H-B-I-A-solar+p2-ldemItranIp800_2050.nc,main_runs/postnetworks/elec_s370_37m_lv1.2__Co2L0-2H-T-H-B-I-A-solar+p2-ldemItranIp850_2050.nc,main_runs/postnetworks/elec_s370_37m_lv1.2__Co2L0-2H-T-H-B-I-A-solar+p2-ldemItranIp950_2050.nc,main_runs/postnetworks/elec_s370_37m_lv1.2__Co2L0-2H-T-H-B-I-A-solar+p2-ldemItranIp1000_2050.nc,main_runs/postnetworks/elec_s370_37m_lv1.2__Co2L0-2H-T-H-B-I-A-solar+p2-ldemIheatIp200_2050.nc,main_runs/postnetworks/elec_s370_37m_lv1.2__Co2L0-2H-T-H-B-I-A-solar+p2-ldemIheatIp250-lowtol_2050.nc,main_runs/postnetworks/elec_s370_37m_lv1.2__Co2L0-2H-T-H-B-I-A-solar+p2-ldemIheatIp300_2050.nc,main_runs/postnetworks/elec_s370_37m_lv1.2__Co2L0-2H-T-H-B-I-A-solar+p2-ldemIheatIp350_2050.nc,main_runs/postnetworks/elec_s370_37m_lv1.2__Co2L0-2H-T-H-B-I-A-solar+p2-ldemIheatIp400_2050.nc,main_runs/postnetworks/elec_s370_37m_lv1.2__Co2L0-2H-T-H-B-I-A-solar+p2-ldemIheatIp450_2050.nc,main_runs/postnetworks/elec_s370_37m_lv1.2__Co2L0-2H-T-H-B-I-A-solar+p2-ldemIheatIp500_2050.nc,main_runs/postnetworks/elec_s370_37m_lv1.2__Co2L0-2H-T-H-B-I-A-solar+p2-ldemIheatIp550-lowtol_2050.nc,main_runs/postnetworks/elec_s370_37m_lv1.2__Co2L0-2H-T-H-B-I-A-solar+p2-ldemIheatIp600_2050.nc,main_runs/postnetworks/elec_s370_37m_lv1.2__Co2L0-2H-T-H-B-I-A-solar+p2-ldemIheatIp650_2050.nc,main_runs/postnetworks/elec_s370_37m_lv1.2__Co2L0-2H-T-H-B-I-A-solar+p2-ldemIheatIp700_2050.nc,main_runs/postnetworks/elec_s370_37m_lv1.2__Co2L0-2H-T-H-B-I-A-solar+p2-ldemIheatIp750-lowtol_2050.nc,main_runs/postnetworks/elec_s370_37m_lv1.2__Co2L0-2H-T-H-B-I-A-solar+p2-ldemIheatIp800_2050.nc,main_runs/postnetworks/elec_s370_37m_lv1.2__Co2L0-2H-T-H-B-I-A-solar+p2-ldemIheatIp850_2050.nc,main_runs/postnetworks/elec_s370_37m_lv1.2__Co2L0-2H-T-H-B-I-A-solar+p2-ldemIheatIp950_2050.nc,main_runs/postnetworks/elec_s370_37m_lv1.2__Co2L0-2H-T-H-B-I-A-solar+p2-ldemIheatIp1000_2050.nc,main_runs/postnetworks/elec_s370_37m_lv1.2__Co2L0-2H-T-H-B-I-A-solar+p2-ldemIelecIp200-lowtol_2050.nc,main_runs/postnetworks/elec_s370_37m_lv1.2__Co2L0-2H-T-H-B-I-A-solar+p2-ldemIelecIp250_2050.nc,main_runs/postnetworks/elec_s370_37m_lv1.2__Co2L0-2H-T-H-B-I-A-solar+p2-ldemIelecIp300_2050.nc,main_runs/postnetworks/elec_s370_37m_lv1.2__Co2L0-2H-T-H-B-I-A-solar+p2-ldemIelecIp350-lowtol_2050.nc,main_runs/postnetworks/elec_s370_37m_lv1.2__Co2L0-2H-T-H-B-I-A-solar+p2-ldemIelecIp400_2050.nc,main_runs/postnetworks/elec_s370_37m_lv1.2__Co2L0-2H-T-H-B-I-A-solar+p2-ldemIelecIp450-lowtol_2050.nc,main_runs/postnetworks/elec_s370_37m_lv1.2__Co2L0-2H-T-H-B-I-A-solar+p2-ldemIelecIp500-lowtol_2050.nc,main_runs/postnetworks/elec_s370_37m_lv1.2__Co2L0-2H-T-H-B-I-A-solar+p2-ldemIelecIp549-lowtol_2050.nc,main_runs/postnetworks/elec_s370_37m_lv1.2__Co2L0-2H-T-H-B-I-A-solar+p2-ldemIelecIp550-lowtol_2050.nc,main_runs/postnetworks/elec_s370_37m_lv1.2__Co2L0-2H-T-H-B-I-A-solar+p2-ldemIelecIp600-lowtol_2050.nc,main_runs/postnetworks/elec_s370_37m_lv1.2__Co2L0-2H-T-H-B-I-A-solar+p2-ldemIelecIp650-lowtol_2050.nc,main_runs/postnetworks/elec_s370_37m_lv1.2__Co2L0-2H-T-H-B-I-A-solar+p2-ldemIelecIp700-lowtol_2050.nc,main_runs/postnetworks/elec_s370_37m_lv1.2__Co2L0-2H-T-H-B-I-A-solar+p2-ldemIelecIp750-lowtol_2050.nc,main_runs/postnetworks/elec_s370_37m_lv1.2__Co2L0-2H-T-H-B-I-A-solar+p2-ldemIelecIp800_2050.nc,main_runs/postnetworks/elec_s370_37m_lv1.2__Co2L0-2H-T-H-B-I-A-solar+p2-ldemIelecIp850-lowtol_2050.nc,main_runs/postnetworks/elec_s370_37m_lv1.2__Co2L0-2H-T-H-B-I-A-solar+p2-ldemIelecIp950-lowtol_2050.nc,main_runs/postnetworks/elec_s370_37m_lv1.2__Co2L0-2H-T-H-B-I-A-solar+p2-ldemIelecIp1000_2050.nc,main_runs/postnetworks/elec_s370_37m_lv1.2__Co2L0-2H-T-H-B-I-A-solar+p2_2050.nc
Transmission lines,8.994624528433729,8.999250362827393,9.005569810389948,9.018583155906203,9.023547530482753,9.026067243656842,9.02723498666769,9.027324435118683,9.02840109765131,9.026175651094636,9.020510222429651,9.015729180126174,9.01599766520349,9.015095196300589,9.023386646128076,9.024878174145826,9.028658177650746,9.045354986036928,9.049701006433763,9.046091515565047,9.04671748134685,9.047005269435083,9.044380126811635,9.041798450533253,9.038802176629376,9.036688610099677,9.033523743377753,9.031632849341907,9.029628624288339,9.028133350347836,9.027966717993149,9.028303091388876,8.997919590779077,9.000178454659215,9.001680593953624,9.005823690560444,9.018194759469251,9.023223187698147,9.02615229956597,9.024853444923187,9.025005539860615,9.025416476732179,9.026764315381891,9.024020189772765,9.018844897397809,9.01867476542574,9.022760022478097,9.0213900917933,9.021440545763724,9.026547818189195
Electricity distribution grid,50.11993661582375,51.023456159976966,51.05481944863606,50.89481840751648,50.78578330738091,50.708669209141064,50.65443824668505,50.60195549744551,50.55772931735767,50.53048567440045,50.47165213686786,50.442341832225466,50.4383037274366,50.41475761229178,50.399184031042864,50.38536538351577,50.121342017470205,50.673493378477154,50.70570983613205,50.693504562953926,50.67413800305636,50.637962096800514,50.58306037476239,50.54306154400396,50.52252306994127,50.51605130368635,50.48379095038317,50.46102889771124,50.46108146481073,50.437642848030976,50.43460133806147,50.445247118872174,50.40620408497514,51.21944458676754,51.19063531641752,51.00550254517174,50.80864151144442,50.74064028580697,50.68206897708304,50.62671403375858,50.61701326870859,50.572444535490646,50.55882350689321,50.486413624365234,50.46244748433253,50.43453780960541,50.422384177208414,50.377915867738395,50.39979696701869,50.49506317231279
Oil and gas to power/heat,57.95805162183463,61.18149439538984,63.695621550566706,65.25129507097387,66.1992117089454,66.84307087416376,67.37646737167226,67.79536422514934,68.21483446588215,68.59478504320086,68.95461377060528,69.40244954180974,69.69311232168977,69.99250442352749,70.53977870778917,70.77879705317827,58.472549175607305,61.608538132035314,64.29437263347799,65.50342217150792,66.12592426931869,66.73213048692709,67.20748945161394,67.62291705141217,68.00317483877362,68.30897001691501,68.62863589631341,68.97998316428625,69.2882437086897,69.61054111423802,70.06323922692476,70.25279403732215,57.297437215524184,60.61803816648195,62.9993394376054,64.82697759457285,65.9011817480202,66.61836199859125,67.20936430424482,67.65849627859988,82.92215032499156,68.04739093539122,68.42897301611082,68.79592390678866,69.208329155301,69.61683328246399,70.00786935288787,70.50033187690254,70.6846279344877,71.37676751210806
Power to liquid,22.03949383156872,22.608510170247584,23.078937640140964,23.276802985646277,23.363484397682484,23.418731694190264,23.452077003346478,23.475869240223872,23.49794848564872,23.52043335943832,23.53688083804782,23.558851073354727,23.57103943744412,23.59038515935583,23.618984981141246,23.62939623924885,22.42101868758389,22.999067237592634,23.350723724204308,23.448168140136524,23.473940043521395,23.502892017670348,23.523798314890218,23.533074706087806,23.545657011223657,23.550213199729235,23.560513406981205,23.571906662039957,23.576029482301962,23.58723503997168,23.60392171121504,23.610486158565998,21.862062003889307,22.492488576515093,22.964235496979818,23.21518774562118,23.3289648763325,23.39391838492446,23.44186076125012,23.463976317251124,23.466327433994987,23.489706610932362,23.504591878923698,23.534066408849043,23.55513043549407,23.56922901425734,23.593548408628244,23.61681253297508,23.622425447871848,23.644360847501083
Biomass,51.11464504932239,51.334297844114474,51.44221575903058,51.51622815603622,51.54923325551721,51.551091954991996,51.557788623856496,51.5617767511428,51.56577960903404,51.5727639259871,51.573295485204426,51.57768180450239,51.58138946124987,51.58196396982332,51.59185027023291,51.59125467069461,51.41545587384384,51.492250301180206,51.533608018905426,51.5644367382164,51.572892104981946,51.581033451656126,51.59017721485864,51.59571143221636,51.596820016676496,51.60109309490376,51.605037985324564,51.610288565649356,51.61710548543668,51.609251768515364,51.60122673960584,51.603731363302266,51.0519668708695,51.2726787331743,51.41378006780156,51.49813492362995,51.546189101853116,51.5506676511225,51.552582201208565,51.56030947856321,51.559754923942094,51.56428531345926,51.566003499385374,51.565732360201125,51.56498416464971,51.58314361544877,51.58098113691497,51.588176322273085,51.59373364948209,51.5983297957468
BEV charger,0.01283364968425958,0.01340062407721464,0.013954666836514905,0.013484121466584568,0.014013496996876791,0.013513565388168888,0.013308050386229923,0.013309456526074232,0.013537686370018297,0.01356226183826767,0.013490455131925396,0.013605011676721821,0.013568847012707122,0.014039104685271288,0.013641710065786978,0.014047158705291288,0.013694014467940703,0.013348941006559763,0.013686610468199889,0.013681981220199159,0.0140658803573501,0.013679434542888601,0.013337662884613098,0.01377615020295434,0.013677630591161716,0.01333819245707016,0.013338404497301603,0.013072382832177924,0.013337064567661575,0.01367536759548588,0.013672720160162414,0.013334092259443155,0.01406234524199912,0.013541141049966916,0.01407722496609924,0.013789373502617781,0.01364061323411376,0.013643993301343698,0.01334783655919779,0.01366710368446911,0.013653553617682007,0.013634713711596837,0.013339392587766695,0.01354771778885972,0.013546494139477526,0.013654621937439193,0.013333142033186357,0.013511591338705414,0.013330107785411816,0.014056392136615477
V2G,0.002704593246383785,0.0024066563931283915,0.002209938367075391,0.002134633441043297,0.0021012150494129087,0.0020867537512481286,0.002057582074326251,0.002048360502436077,0.002073325743680523,0.0020512059630457134,0.0019216710399814583,0.002060274027417423,0.0020397251684381064,0.002033120558622214,0.0020479114285570955,0.002025486942767512,0.0019865186385328876,0.002024565842736191,0.001968331804709189,0.0019640439806774754,0.0020334527539645087,0.0019615033495312714,0.002013265032547596,0.0020026409349652723,0.0019596599175992803,0.0020136852223672794,0.0020139272892594293,0.001969009768785031,0.0020125991400370656,0.0019571978097200128,0.001954893825760936,0.0020095699689536522,0.002029237071563735,0.0019261089819613661,0.002044175711195369,0.002014057977096984,0.002058177423158869,0.0020614708552118923,0.002022084114363423,0.0020576131804016452,0.0020699129818472755,0.0020528045729223394,0.002013933616918316,0.0020265173871685444,0.0020253219237178263,0.002046711787661818,0.0020082803324181064,0.0019003206663945585,0.0020054997050255115,0.0020244904252614063
DAC,1.1240113758423498,2.2660381261789513,3.171085259673476,3.563921853000944,3.734137775900064,3.8469877222822806,3.915207921442747,3.9556170082523794,3.996189436907685,4.023816873478181,4.048991481121713,4.085073609093296,4.1058764052285515,4.142932494279226,4.208592690102341,4.236084906916822,1.836851991347579,3.0196599608159063,3.700385618647896,3.8948316897905415,3.9527341802308573,4.013656228304285,4.050761688223352,4.0652902378711,4.087937720109589,4.0969987314575285,4.1153140290461,4.132588251708043,4.1402601215966905,4.156164799235862,4.192239957429025,4.21071745302739,0.7878450898732305,2.0642614953326017,2.9597583447141522,3.442762114459834,3.669052161817281,3.803419822925521,3.8956901396981616,3.9343849456696027,3.938522076901054,3.972514380511893,3.997212933821802,4.0394859499228,4.073035597376354,4.101201737091682,4.149213224034681,4.203388987751167,4.218698715098624,4.284845293321943
Power to heat,106.5237815833517,104.2286448262818,103.66344163054829,103.83043910273285,103.88651479026038,103.8879772533085,103.98972627563063,104.08500554366174,104.11256499050488,104.16177558182082,104.22640888130664,104.23737670592772,104.22214311376094,104.20642490577075,104.15645602583345,104.1426575722682,100.66561047045181,102.30149569185473,102.7348512880366,103.13944958748256,103.35450321750557,103.43743645196601,103.50667362956655,103.59736671132248,103.68384393543452,103.76876605952219,103.81821518098242,103.9184750614888,103.99721915436788,104.09781625491826,104.08433299909285,104.09602864153878,106.66514721673653,104.43904021025985,103.64100627720563,103.71168838367409,103.82834371605288,103.8691990782454,103.91784142310934,104.06415335440586,104.06676334692378,104.08198165959121,104.11095553802949,104.16687978951609,104.19894917685245,104.21176683934885,104.17954697264746,104.15987790700095,104.15012147095365,104.16839693706659
Heat storage,21.081046695185165,21.96099228766143,22.217845727425164,22.07339468374128,21.98751972652067,21.96441703801218,21.97180181804785,21.975146490740997,21.925361271733095,21.904008676527837,21.884566202188243,21.85100857728426,21.80801489741636,21.785343431468004,21.77807491405457,21.796934707017794,20.884792876956176,21.368833169367335,21.48371300148743,21.56457537228504,21.624426734291887,21.628293983546307,21.60955690794952,21.637668820262665,21.64902102875797,21.658012490275752,21.672625404518367,21.674213890641358,21.677519880905777,21.702400267228633,21.72362517987942,21.731512275237765,21.046700673189765,21.9256085772339,22.277412809536283,22.160034987629366,22.019269022401787,21.980283522713915,21.958982324595123,21.973113587415344,21.96181458607675,21.93150558193372,21.905283124417693,21.882258456693133,21.850727054643745,21.815867952532106,21.781279919736274,21.783404001496816,21.799938731438317,21.920645467822258
H2 storage,3.976365176440264,3.909555682874971,3.836337723084014,3.85931179747788,3.8688187938009144,3.8555609521617074,3.848367905158916,3.824564795513611,3.8013782782359082,3.766523306277316,3.7569263384831024,3.7382078637842886,3.7232978978499554,3.7179991177754155,3.730404730913598,3.7327966818079696,3.969789785394281,3.968350767796825,3.954972694042031,3.956628536018224,3.9539114468499403,3.9093503312338487,3.8659983094560455,3.8467117789418768,3.827567968708388,3.814088714369275,3.795772479629473,3.7799011136038096,3.7666501793961897,3.7394677736841455,3.7243074295864056,3.7429586061829805,3.873372571614746,3.862336746060697,3.827190422415437,3.8335398434342465,3.8478745535131647,3.8548466510133235,3.841350650257211,3.8317705111422145,3.8310146363119006,3.8015163267920866,3.776001136116659,3.7459693731904258,3.7340266201971777,3.7158020357442494,3.7050501303471974,3.7329636650736986,3.7406717837640016,3.780971576310723
H2 Electrolysis,95.88710476480047,97.96748418282786,99.70567065863129,100.49173932440067,100.86507167695655,101.05330225637913,101.18023077300155,101.27888737479623,101.34564033435706,101.41362443696029,101.4967133326987,101.56777012670089,101.5765409418283,101.63295568336184,101.72460457591382,101.74233881395915,97.57614106842102,99.65039895178585,100.91755862900459,101.30507878330906,101.41536264898163,101.49745856708277,101.55643254689465,101.58631043387314,101.63557331220399,101.64052115368752,101.66901532669903,101.6801030624125,101.67682413689882,101.67984934517166,101.69170268295284,101.72888372707997,95.2646262074089,97.51988618038845,99.28032550019472,100.26570558543482,100.74130591770906,100.98554878954464,101.14931365131572,101.24593023411244,101.24459561317963,101.33134573247106,101.38189297189535,101.48598651189927,101.5711547138185,101.59417089315761,101.66212723073062,101.74146012072748,101.75376101413458,101.87237479845244
H2 Fuel Cell,1.400395353219429e-06,2.6629276191468835e-08,1.9689775032477948e-06,1.631256340317069e-08,1.9312350056474183e-06,2.8646088668487314e-08,5.5544518215998115e-06,7.258704324157e-08,0.00023256125835892396,4.903536205347896e-08,1.7096070974746052e-06,6.339517602246741e-08,7.652064920308831e-07,4.7547010079135944e-08,6.90077076289839e-08,3.3880357957371083e-06,4.100022435799119e-07,8.54168061932859e-08,2.2924973723800585e-06,2.287123028124034e-08,8.525939346286583e-07,4.664955185842537e-09,9.239648895266449e-07,1.308160964079448e-07,4.1119030306162255e-06,4.133006046258284e-08,2.6397498536892186e-06,1.6407398387074824e-07,1.884567661978375e-06,5.4801058840460925e-08,6.37859106339789e-09,3.221069495919338e-06,1.0326313300943094e-07,3.810449337016521e-09,6.866263883843409e-07,1.2605704194244884e-14,4.847578044258325e-07,1.8742570549231787e-12,8.794878675205375e-08,9.69855072501982e-08,0.00018972086197567608,5.7763622575009065e-09,7.880829146640844e-14,1.2852585658183096e-07,1.2988045685997385e-09,3.682858516827664e-07,1.446199486337558e-14,4.877591339018199e-13,6.325018212140133e-07,2.1854978257204262e-06
Pumped hydro storage,10.020485502467876,10.020553978259116,10.020508267169413,10.020476617470122,10.020489962585863,10.020476915186427,10.0205048468482,10.020549013103357,10.020494527316002,10.020474980973601,10.0205031827731,10.020493269325632,10.02047317474354,10.020486429384901,10.020501403323475,10.02050145703373,10.020485855355647,10.020536098548275,10.020481445236639,10.020527408868272,10.020484221426079,10.020478497021541,10.020487957517576,10.020526859339315,10.020474461014855,10.020528495054608,10.020528687007255,10.020473706922546,10.020482982013556,10.020477999603365,10.020474087423127,10.020483325706929,10.020498098429677,10.0205138468914,10.020496370715682,10.020531848465174,10.020532590166004,10.020532888710015,10.02053185924152,10.020505693100882,10.020532616166761,10.020528495167408,10.020547992461683,10.020494257056038,10.020493448546565,10.02050208100345,10.020527603049679,10.02050178763228,10.02050190648061,10.020521866068977
Hydroelectricity,18.347353917361815,18.347391136696068,18.34726725117074,18.34723983689942,18.34735371781425,18.34723980329126,18.347267294392452,18.347391237059682,18.34735383486042,18.347239813042005,18.34726719759036,18.347354764108903,18.347239749790546,18.34735370420705,18.347267180709494,18.347267168941077,18.347329640949432,18.347178229551727,18.34734753783651,18.34741420974044,18.34732950400298,18.347347585257285,18.34735388798636,18.34741420624111,18.347239918601584,18.347178214436248,18.34717821532558,18.34723979990069,18.347329612694903,18.34734756772859,18.347239954679466,18.347329587701797,18.347267257654675,18.347267314604093,18.347353815006965,18.34741419895,18.347265546074276,18.34726555081639,18.347178394600782,18.347267190885415,18.347264596003452,18.347414163674546,18.347391233316557,18.34735476566625,18.347354779730413,18.347267172403562,18.34717821410967,18.34726719618866,18.34726735345671,18.347343261176555
Run of river,14.259091518232493,14.259089820701456,14.259079245118444,14.259097434194574,14.25909258848099,14.259097541174949,14.259079746316036,14.259080974273578,14.259046392089516,14.259084852002243,14.259088964978023,14.259089882009699,14.259084518468251,14.259093476987676,14.259089882366991,14.259079110171841,14.259089175084256,14.25909372431697,14.259088511132227,14.259091415739222,14.25907967296188,14.259090033695554,14.259093308428401,14.259093489820312,14.25909616401258,14.259093665797863,14.259091900425796,14.25909760070866,14.259079500076691,14.2590900173126,14.259091448911091,14.259080095563375,14.259079930410543,14.259089797171066,14.259092575683876,14.259093429585977,14.259080646880589,14.259089975564535,14.259084963179188,14.259089851882832,14.25905013600224,14.259091218229132,14.25908101964483,14.259089830409094,14.259089889044265,14.259089426429295,14.259093521796594,14.259089905807008,14.25908072610235,14.259079506557246
Nuclear,89.37014862102255,89.33927179875592,89.35344935876431,89.36098034335775,89.36426701817561,89.36689917691054,89.37204813227568,89.37317559471221,89.37352165758995,89.37294300233476,89.37559532723978,89.37109727577398,89.37059808375498,89.36918411110803,89.36845364589564,89.36638840311971,89.35140796566716,89.35181027852214,89.35807822434155,89.3651798252463,89.36949078547588,89.37140978159567,89.37214013637934,89.37335733282416,89.37168745014502,89.37209644065791,89.36980947602487,89.36820244083476,89.37023872570202,89.37021357013317,89.36676969886081,89.36799387044734,89.36798428923869,89.3371779473603,89.34774280651818,89.35741588343672,89.36202765063334,89.36649674089823,89.37013019156518,89.37403538407182,89.37362516151286,89.37529568710352,89.37404524207403,89.37550799916838,89.37177066058163,89.36958479416205,89.36743962034419,89.36746332437073,89.36834204684494,89.36925944026896
Onshore wind,164.03190307179094,166.63566590962057,166.95801345842543,166.42868476330548,166.1062898516117,165.95822678179834,165.80260043431312,165.54155145130287,165.29932713941324,165.23272890642784,165.16259067711428,165.03440577397035,164.92415879338748,164.8860816022706,165.00838533060735,165.06334035846535,164.24225052390173,165.77504091087278,165.98721884602833,165.9837598790404,166.0153364018299,165.99425891982597,165.75364024877499,165.56855935863575,165.4693408369953,165.4290027242879,165.2853873806046,165.14024248175676,165.06791315666482,164.8923178547068,164.78843489824615,164.85070163607023,164.04265576496948,166.81278647436295,167.41458238121325,166.70006237850262,166.18813245317673,165.9078180276019,165.7202274239255,165.6041761095065,165.58078918060056,165.37223363641155,165.32161457845132,165.22423942857665,165.09583667406363,164.96900305815407,164.953864535897,165.02101185208667,165.07207322881345,165.20625419681176
Offshore wind,52.0006119870675,52.962466603939134,54.048708176722684,54.88188782958858,55.196234198784936,55.313387700083815,55.31891023736017,55.38899046689839,55.74609567760251,56.01353025664702,56.12010700623751,56.23518433304933,56.18833454822075,56.1539761644679,56.01559765920752,55.83171383736064,52.60573625524797,53.953607264254174,54.71825969927782,54.92299684184994,55.06532423390346,55.25458472967499,55.632978523074726,55.89389542378511,55.95099514737899,56.00758174839724,56.12406168091425,56.111684599204324,56.03675298617694,55.969110925388414,55.83828492722293,55.82125793276147,51.94420642619275,52.82551684379324,53.5658153883912,54.66867540939187,55.19404237946896,55.339242447598416,55.31015448128344,55.31206305466389,55.33814204560653,55.666549106939584,55.870518353186235,56.05643494427014,56.150684764304444,56.19481818589327,56.132746083565976,56.017583909541344,55.89377521618121,55.509583245331044
Home battery storage,9.556273879050616e-06,1.7494709580431055e-07,1.2847129799160179e-05,1.0679280698929107e-07,1.2487312528722407e-05,1.9047355285191088e-07,3.39089918148817e-05,4.559013813660701e-07,0.0014658429434267022,3.1461654272798405e-07,1.129046665024587e-05,3.866370465468593e-07,4.932007553540037e-06,3.0281753271390113e-07,4.2957122729229927e-07,2.1353450404768888e-05,2.7395844027848298e-06,5.324720408890161e-07,1.5471348674664094e-05,1.498008569830415e-07,5.706552810005468e-06,3.1133039554589026e-08,6.1476571272424094e-06,8.460150142707474e-07,2.651014730532812e-05,2.749986327648166e-07,1.7329867650077263e-05,1.0048904036204948e-06,1.173988184446995e-05,3.559185371958219e-07,4.219581227447577e-08,2.0470920107558506e-05,7.442670328314755e-07,2.4587162868364442e-08,4.358762345094281e-06,8.178104644166452e-14,3.2374452674990965e-06,1.2347013030253873e-11,5.543138947281613e-07,6.638407672424518e-07,0.0012236737655492394,3.1833108692495564e-08,5.267822770020035e-13,7.528141084069869e-07,8.279653298263863e-09,2.4473295655374367e-06,9.528962706374169e-14,3.1802283551861037e-12,4.195466178003884e-06,1.3723625998738283e-05
Solar thermal,3.4139833547875054e-06,6.086897682621254e-08,4.533335925000409e-06,3.947824560322309e-08,4.438464874641154e-06,6.917431974314997e-08,1.365058118750402e-05,1.7683184290579031e-07,0.00046385178855559077,1.2883561256203418e-07,4.204968530014701e-06,1.3859138366946513e-07,1.7001439164946436e-06,1.0321442182958883e-07,1.4161892808247483e-07,7.845300172696473e-06,1.1139738640922018e-06,9.195567557159486e-08,6.606168202459542e-06,5.8518743887406955e-08,1.907558405233643e-06,1.0839103442941955e-08,2.186235516939161e-06,1.4909493987108825e-07,1.0238211226774796e-05,1.0522552407439968e-07,6.293113357052769e-06,1.6687806863883876e-07,3.993968470939606e-06,1.216043279936262e-07,1.4616696857390943e-08,7.179960058445315e-06,1.0573899381708945e-07,8.576266766857555e-09,1.4935497476797354e-06,2.913244847920172e-14,1.1488654474448262e-06,4.30795170564022e-12,8.836064968139101e-08,1.1304125185634284e-07,0.0003804816916056947,6.181416643323722e-09,1.8351417733105535e-13,1.3832825935216759e-07,2.600081761348996e-09,6.817379698212291e-07,3.229741179802966e-14,1.0535296015279502e-12,1.4346107797402645e-06,5.3580088678708425e-06
Solar utility,23.423179345033518,25.69399434928626,26.271677345936027,26.198126294243224,26.21674778980119,26.194601846316377,26.062165494779816,26.23804889435093,26.34435297514845,26.395913967470015,26.456755586866166,26.514202652685455,26.622192378002115,26.600742637113385,26.43474390878267,26.363256055556228,26.28865890896883,26.53388836593548,26.419721799957117,26.42745162217359,26.5201219309015,26.484325345642997,26.585895564070338,26.658236235541125,26.743664942089367,26.83798117829518,26.806576477321826,26.807366866215094,26.817912201782356,26.725853117263707,26.747236909407192,26.726305633879512,23.650411479148246,25.928388050676975,26.431825159826285,26.329707023462838,26.326477941467065,26.36675055592148,26.31947055344605,26.36925014069269,26.364324638287208,26.351711403778374,26.418567183091827,26.474029558705222,26.621928241897976,26.665271109895713,26.663526389252976,26.54607701442477,26.50458264409033,26.731472267948188
Solar rooftop,29.87975931663844,29.70622307299379,29.715307715348583,29.700152569466,29.822311740012992,29.925190631655266,29.860239247506104,29.909531527883342,29.94627833088818,29.884336310675288,29.917345648366474,29.91148631881993,29.93742154965216,29.962292481384065,30.07192258486101,30.093044551090735,30.59856820515159,30.30972160082432,29.932606388240835,29.706829854359626,29.65646186651994,29.805440878840965,29.971570865546777,30.046779333278533,30.06571037760736,30.0557481601835,30.066667171532877,30.04065504563922,30.071613538756623,30.077894780124343,30.09066378384751,30.047420189585594,30.003827717878124,29.841977326043676,29.894001898808032,29.84574305956315,30.044485788715637,30.109918886005765,30.040219398162073,29.98007296074441,30.00693018064769,29.996600813686996,30.008725960396355,30.001130428888306,29.996603960455907,30.05984172216531,30.09442714315864,30.207380549172445,30.19321763253045,29.934870696992107
Battery storage,14.866365884462805,15.486695275647568,15.93073528763426,16.038765145935695,16.110022974196408,16.106478811054803,16.113047947051857,16.168533482420308,16.169446759769343,16.10104005804959,16.051539612975148,16.018486440572385,15.985812482356176,15.969826620709492,15.962807012177734,15.977106653075824,16.005449877402526,16.175999919239494,16.419652948167137,16.48765415759385,16.41238669379158,16.338186388206267,16.288061420431486,16.195640050644375,16.136722953155843,16.12568110929353,16.119352580354786,16.107558924582353,16.081797963729535,16.054192371061244,16.05078913450178,16.071659627957732,13.883506912820605,15.089853347918627,15.68901937204396,15.8705835586374,16.01621852919166,16.053560397885008,16.106990063225545,16.118454162447538,16.130541944087977,16.116093269582933,16.07655874354782,16.04098169180159,16.01624773076743,15.967423653961605,15.945394098712576,15.942363143271697,15.960893921616067,16.172065713337382
co2 sequestered,2.0000336666027443,1.9999029419894534,2.000179273486219,1.9999061843153034,2.00017927348207,1.9999061843154007,1.9996660956018677,1.9999036465315252,1.9999061861463214,2.00006064632672,2.00012508781633,1.9999474481977648,2.0000606463310477,2.000179273469643,1.999665391030398,2.00017927349163,1.999991418031019,2.0000094390734975,2.000084240796307,2.000287454626401,2.0001792734765087,2.0000842407714137,2.0000336665883496,2.0001593427276605,2.0000842408004043,2.00000943934394,2.0000094393685868,2.0001554594322157,2.000033666595216,2.0000842407718267,2.0001369711562846,2.0000303221391156,2.0001792730182597,2.000125087803485,2.0001792734771953,2.00015934283183,2.000175811049424,2.00013715499199,1.9999036463499036,1.9996653907137685,2.0001371568614235,2.0001758110471806,1.9999036465311302,1.9999061843324952,1.9999061843151917,1.9996653910334328,2.0000094393435983,2.000125087803431,1.9996660955748407,2.000179273482133
industry methanol,8.979712579890487e-05,9.070233536003934e-05,8.56742299533952e-05,8.676718931660871e-05,8.56742299533952e-05,8.676718931660871e-05,8.979712579890487e-05,8.979712579890487e-05,8.676718931660871e-05,9.099253472717542e-05,8.601325071344384e-05,8.79886046619074e-05,9.099253472717542e-05,8.56742299533952e-05,9.070233536003934e-05,8.56742299533952e-05,9.002114552437183e-05,8.979712579890487e-05,8.629305267018285e-05,8.629305267018285e-05,8.56742299533952e-05,8.629305267018285e-05,8.979712579890487e-05,9.168359523839473e-05,8.629305267018285e-05,8.979712579890487e-05,8.979712579890487e-05,8.588210908353343e-05,8.979712579890487e-05,8.629305267018285e-05,8.629305267018285e-05,8.979712579890487e-05,8.56742299533952e-05,8.601325071344384e-05,8.56742299533952e-05,9.168359523839473e-05,8.79886046619074e-05,8.79886046619074e-05,8.979712579890487e-05,9.070233536003934e-05,8.79886046619074e-05,8.79886046619074e-05,8.979712579890487e-05,8.676718931660871e-05,8.676718931660871e-05,9.070233536003934e-05,8.979712579890487e-05,8.601325071344384e-05,8.979712579890487e-05,8.56742299533952e-05
kerosene for aviation,0.00678018662889682,0.007841925944774363,0.0068694342719932385,0.0076897680712562,0.0068694342719932385,0.0076897680712562,0.00678018662889682,0.00678018662889682,0.0076897680712562,0.006713148395572101,0.007660993422598438,0.006924796635283357,0.006713148395572101,0.0068694342719932385,0.007841925944774363,0.0068694342719932385,0.007079521419543125,0.00678018662889682,0.0073678001908196655,0.0073678001908196655,0.0068694342719932385,0.0073678001908196655,0.00678018662889682,0.007854399344961498,0.0073678001908196655,0.00678018662889682,0.00678018662889682,0.006971276206470266,0.00678018662889682,0.0073678001908196655,0.0073678001908196655,0.00678018662889682,0.0068694342719932385,0.007660993422598438,0.0068694342719932385,0.007854399344961498,0.006924796635283357,0.006924796635283357,0.00678018662889682,0.007841925944774363,0.006924796635283357,0.006924796635283357,0.00678018662889682,0.0076897680712562,0.0076897680712562,0.007841925944774363,0.00678018662889682,0.007660993422598438,0.00678018662889682,0.0068694342719932385
load_tran,23.447543390986457,14.435133435601282,8.197902434544394,5.673370979126089,4.569646810744935,4.0291448815795565,3.67035572826863,3.4611699063296335,3.301200700571909,3.04359439720282,2.849859599823646,2.555625167138395,2.3666116401690784,2.0088732433362226,1.1974782112015259,0.8547996835074214,0.0,0.0,0.0,0.0,0.0,0.0,0.0,0.0,0.0,0.0,0.0,0.0,0.0,0.0,0.0,0.0,0.0,0.0,0.0,0.0,0.0,0.0,0.0,0.0,0.0,0.0,0.0,0.0,0.0,0.0,0.0,0.0,0.0,0.0
naphtha for industry,0.0030638853660759817,0.003157879374064601,0.0028040711869663027,0.002926865597000152,0.0028040711869663027,0.002926865597000152,0.0030638853660759817,0.0030638853660759817,0.002926865597000152,0.0028752360920382917,0.0030750179325123765,0.003233964212103848,0.0028752360920382917,0.0028040711869663027,0.003157879374064601,0.0028040711869663027,0.002819157833769416,0.0030638853660759817,0.0029370340962274898,0.0029370340962274898,0.0028040711869663027,0.0029370340962274898,0.0030638853660759817,0.003338344057009698,0.0029370340962274898,0.0030638853660759817,0.0030638853660759817,0.003112367204889238,0.0030638853660759817,0.0029370340962274898,0.0029370340962274898,0.0030638853660759817,0.0028040711869663027,0.0030750179325123765,0.0028040711869663027,0.003338344057009698,0.003233964212103848,0.003233964212103848,0.0030638853660759817,0.003157879374064601,0.003233964212103848,0.003233964212103848,0.0030638853660759817,0.002926865597000152,0.002926865597000152,0.003157879374064601,0.0030638853660759817,0.0030750179325123765,0.0030638853660759817,0.0028040711869663027
offwind-float,2.955780321370927,2.9557626968811994,2.9557423952754336,2.9557512400377455,2.955776846682773,2.955751029253412,2.955770405605551,2.955733614566528,2.958750202001822,2.9557574096552606,2.955778936206049,2.9800084890948497,3.3268060983129777,3.603036541453604,3.991914937960958,4.229222759051689,2.9557641680055204,2.9557625358016533,2.9557934911922343,2.9557140583197143,2.955726358494664,2.9557619032662847,2.955769155976347,2.955762741469546,2.9557908073236696,2.9557631052506657,2.955793842174532,3.1097070174387293,3.328270830835927,3.6326636397404126,4.139094671507068,4.105721816317852,2.955718137636256,2.9557630325567774,2.95577439386172,2.95576367829321,2.955746616231181,2.9557618453484533,2.955757631372286,2.9557618292742576,2.95800462602216,2.9557141506698668,2.955733211787481,2.9557622789477054,2.9557615674401525,3.194773097681065,3.5794452124399396,3.9146618392389123,4.042537370723007,3.8769259633988087
shipping methanol,0.004872990222838245,0.005193803747666472,0.004920210958872619,0.0050326157026822005,0.004920210958872619,0.0050326157026822005,0.004872990222838245,0.004872990222838245,0.0050326157026822005,0.005066199374796809,0.0048103507405377,0.004996087262739731,0.005066199374796809,0.004920210958872619,0.005193803747666472,0.004920210958872619,0.005043259855127582,0.004872990222838245,0.004774349856345354,0.004774349856345354,0.004920210958872619,0.004774349856345354,0.004872990222838245,0.0051614545966596394,0.004774349856345354,0.004872990222838245,0.004872990222838245,0.004986521880913138,0.004872990222838245,0.004774349856345354,0.004774349856345354,0.004872990222838245,0.004920210958872619,0.0048103507405377,0.004920210958872619,0.0051614545966596394,0.004996087262739731,0.004996087262739731,0.004872990222838245,0.005193803747666472,0.004996087262739731,0.004996087262739731,0.004872990222838245,0.0050326157026822005,0.0050326157026822005,0.005193803747666472,0.004872990222838245,0.0048103507405377,0.004872990222838245,0.004920210958872619
solar-hsat,57.2454075724047,57.48753488830521,57.96371862923395,58.30172441485442,58.38473838593042,58.48525180927433,58.770150251809305,58.61608145488459,58.41457229561906,58.27339849495674,58.14417378855482,58.096108763828596,57.89424334457308,57.84975407829376,57.837273389755104,57.87116790900933,56.60037393107831,57.70576264406801,58.55519142706305,58.737870813783026,58.65914032037471,58.53371283995817,58.255591802709425,58.09558975264629,58.01410884275017,57.88013780348295,57.88109322993105,57.85795477932348,57.787701984268075,57.82648041422816,57.71582504109147,57.776895590213975,56.592427645162864,57.13599058532617,57.70982443170939,58.098235265758476,58.14322042267328,58.27657251840564,58.54485807781506,58.555093779586976,58.55299726199411,58.43381468731001,58.26234270065642,58.142839095967695,58.0246827418715,57.86976021054183,57.76797287427255,57.70900073142415,57.735083647565745,57.873624404310426
