name,main_runs/postnetworks/elec_s370_37m_lv1.2__Co2L0-2H-T-H-B-I-A-solar+p2_2050.nc,main_runs/postnetworks/elec_s370_37m_lv1.2__Co2L0-2H-T-H-B-I-A-solar+p2-pdemIelecIp05_2050.nc,main_runs/postnetworks/elec_s370_37m_lv1.2__Co2L0-2H-T-H-B-I-A-solar+p2-pdemIelecIp10_2050.nc,main_runs/postnetworks/elec_s370_37m_lv1.2__Co2L0-2H-T-H-B-I-A-solar+p2-pdemIelecIp15_2050.nc,main_runs/postnetworks/elec_s370_37m_lv1.2__Co2L0-2H-T-H-B-I-A-solar+p2-pdemIelecIp20_2050.nc,main_runs/postnetworks/elec_s370_37m_lv1.2__Co2L0-2H-T-H-B-I-A-solar+p2-pdemIelecIp25-lowtol_2050.nc,main_runs/postnetworks/elec_s370_37m_lv1.2__Co2L0-2H-T-H-B-I-A-solar+p2-pdemIelecIp30_2050.nc,main_runs/postnetworks/elec_s370_37m_lv1.2__Co2L0-2H-T-H-B-I-A-solar+p2-pdemIelecIp35-lowtol_2050.nc,main_runs/postnetworks/elec_s370_37m_lv1.2__Co2L0-2H-T-H-B-I-A-solar+p2-pdemIelecIp40_2050.nc,main_runs/postnetworks/elec_s370_37m_lv1.2__Co2L0-2H-T-H-B-I-A-solar+p2-pdemIelecIp45_2050.nc,main_runs/postnetworks/elec_s370_37m_lv1.2__Co2L0-2H-T-H-B-I-A-solar+p2-pdemIelecIp50_2050.nc,main_runs/postnetworks/elec_s370_37m_lv1.2__Co2L0-2H-T-H-B-I-A-solar+p2-pdemIheatIp05_2050.nc,main_runs/postnetworks/elec_s370_37m_lv1.2__Co2L0-2H-T-H-B-I-A-solar+p2-pdemIheatIp10_2050.nc,main_runs/postnetworks/elec_s370_37m_lv1.2__Co2L0-2H-T-H-B-I-A-solar+p2-pdemIheatIp15_2050.nc,main_runs/postnetworks/elec_s370_37m_lv1.2__Co2L0-2H-T-H-B-I-A-solar+p2-pdemIheatIp20_2050.nc,main_runs/postnetworks/elec_s370_37m_lv1.2__Co2L0-2H-T-H-B-I-A-solar+p2-pdemIheatIp25_2050.nc,main_runs/postnetworks/elec_s370_37m_lv1.2__Co2L0-2H-T-H-B-I-A-solar+p2-pdemIheatIp30_2050.nc,main_runs/postnetworks/elec_s370_37m_lv1.2__Co2L0-2H-T-H-B-I-A-solar+p2-pdemIheatIp35_2050.nc,main_runs/postnetworks/elec_s370_37m_lv1.2__Co2L0-2H-T-H-B-I-A-solar+p2-pdemIheatIp40_2050.nc,main_runs/postnetworks/elec_s370_37m_lv1.2__Co2L0-2H-T-H-B-I-A-solar+p2-pdemIheatIp45_2050.nc,main_runs/postnetworks/elec_s370_37m_lv1.2__Co2L0-2H-T-H-B-I-A-solar+p2-pdemIheatIp50_2050.nc,main_runs/postnetworks/elec_s370_37m_lv1.2__Co2L0-2H-T-H-B-I-A-solar+p2-pdemItranIp05_2050.nc,main_runs/postnetworks/elec_s370_37m_lv1.2__Co2L0-2H-T-H-B-I-A-solar+p2-pdemItranIp10_2050.nc,main_runs/postnetworks/elec_s370_37m_lv1.2__Co2L0-2H-T-H-B-I-A-solar+p2-pdemItranIp15_2050.nc,main_runs/postnetworks/elec_s370_37m_lv1.2__Co2L0-2H-T-H-B-I-A-solar+p2-pdemItranIp20-lowtol_2050.nc,main_runs/postnetworks/elec_s370_37m_lv1.2__Co2L0-2H-T-H-B-I-A-solar+p2-pdemItranIp25_2050.nc,main_runs/postnetworks/elec_s370_37m_lv1.2__Co2L0-2H-T-H-B-I-A-solar+p2-pdemItranIp30_2050.nc,main_runs/postnetworks/elec_s370_37m_lv1.2__Co2L0-2H-T-H-B-I-A-solar+p2-pdemItranIp35_2050.nc,main_runs/postnetworks/elec_s370_37m_lv1.2__Co2L0-2H-T-H-B-I-A-solar+p2-pdemItranIp40_2050.nc,main_runs/postnetworks/elec_s370_37m_lv1.2__Co2L0-2H-T-H-B-I-A-solar+p2-pdemItranIp45_2050.nc,main_runs/postnetworks/elec_s370_37m_lv1.2__Co2L0-2H-T-H-B-I-A-solar+p2-pdemItranIp50_2050.nc
AC,5.904225123562242,5.904169117122268,5.904063775731292,5.903219357355013,5.901992955390377,5.900844679276676,5.898787093769302,5.896549174305703,5.894954967765666,5.894174786036586,5.893291646254256,5.905691001789652,5.904236586356402,5.90367708569104,5.899425960129336,5.8925503430355946,5.887204683819701,5.882922414827435,5.878446950572456,5.879682539430697,5.884990628272002,5.9044039852399814,5.904397072515094,5.904012603066644,5.903461198779848,5.902288473334563,5.900868877450892,5.899191825946654,5.896596054299462,5.89327151081258,5.891576842865108
BEV charger,0.014056392136615477,0.013332144502930564,0.013652671391139947,0.013935584816798848,0.013647570778193641,0.013324342667388606,0.013320849424037896,0.01363610990934994,0.013758173772274042,0.013756177771663783,0.013310676881085046,0.013332352051762562,0.014053670068096415,0.013933419483472978,0.013760887018480421,0.013935317824913807,0.01355442850234086,0.013724741324837966,0.013882290944993506,0.013235741140810784,0.013807504832802683,0.013343428120739418,0.013322638952039367,0.013299935968995756,0.013693924093827678,0.013790211863549137,0.013028196989719739,0.01320285558169316,0.01263774594669655,0.01247847752805087,0.012083421327749122
DAC,4.284845293321943,4.284216559304042,4.276808849601038,4.257951449328104,4.210595740680666,4.153831071395476,4.093228495483009,4.0319380628769705,3.9632645743805424,3.8888033908329094,3.8118646363301623,4.277727092365813,4.245083132034245,4.169733881983252,4.0596649206327236,3.7960982665127823,3.430700520534789,2.9283214590004154,2.327262511926835,1.6956222109480885,0.9454105404348476,4.286323321080603,4.281743852369452,4.266221002098133,4.231651957266587,4.189412479249546,4.1362581851422595,4.057554934827516,3.9494321206447225,3.8365003082836497,3.7097448705731493
DC,3.1223226946269533,3.1223394038905474,3.122480607895023,3.1239630984418185,3.1258700054248365,3.1283308017670026,3.1319267893559672,3.1355159910004384,3.138087936879423,3.1387937417761003,3.139949035052669,3.119579446953563,3.122729002787914,3.1235157213586136,3.130752801148793,3.1439924742855436,3.1541881252034756,3.1613793074113183,3.170332513218865,3.170630293849169,3.158731964114922,3.12201275657781,3.121866603388128,3.1224472349785732,3.123252039375829,3.1252641721061747,3.127696008624475,3.1306702189826177,3.1347839883471273,3.1406070837682463,3.144134204873263
Fischer-Tropsch,17.042717857678554,17.04197289828841,17.03958412021742,17.02862734886324,17.002538408262307,16.97198296375638,16.9399420428517,16.90898161784552,16.87136356256749,16.82969206152319,16.78329447447327,17.038828725404162,17.021193808571688,16.976939034889604,16.919200332970682,16.786292803876506,16.604915681961224,16.35303037621033,16.046055833547157,15.690433039211506,15.265765386488155,17.04216647323054,17.04089494018177,17.03329251381051,17.016409204411747,16.99393427169137,16.966210797997086,16.922164180194493,16.861821382829433,16.80471010367812,16.73660819299608
H2,3.780971576310723,3.7811828289863736,3.783596502892288,3.7841475130314994,3.7778881344869,3.7679460575540293,3.753817738951386,3.7309470196894865,3.709488664032327,3.6916108597409525,3.6806824399080034,3.7740476944033006,3.7945084599673695,3.8037232861611963,3.8064318764196843,3.8233874256349445,3.7973494306235724,3.7257838451423684,3.636239548179463,3.520747932839064,3.384568194359661,3.7799297587832887,3.777078458195627,3.7712587738369234,3.767855269430551,3.75971387729365,3.7505508788770943,3.7335452318563176,3.7121239209061976,3.704040419128005,3.7101087399538355
H2 Electrolysis,101.87237479845244,101.87297384781799,101.86384589485283,101.82951064988963,101.74211391932168,101.62386428532713,101.49169224609086,101.3696055787722,101.21476392203323,101.0372722081115,100.83440301933634,101.85929113552109,101.83545499938685,101.70499438636328,101.53506829195418,101.1145917757835,100.46221003668636,99.55585536410162,98.35963227730626,97.2032690006747,95.63695213972701,101.87351220488941,101.87121120664123,101.83937274020205,101.76973763636983,101.68999789032073,101.58359781463629,101.41392892616695,101.17795439115622,100.97990525103232,100.72036141866796
H2 Fuel Cell,2.1854978257204262e-06,3.598550300248748e-08,9.47631451611187e-09,9.681819459644592e-09,2.3801529551026834e-08,1.8227925014061518e-14,6.8639701794758986e-09,1.2318449688236833e-08,1.2397858608967142e-08,1.612896213278075e-08,1.3245309289554749e-08,6.398726323764493e-08,2.572660178013233e-08,6.509659289348032e-08,9.044112238936418e-09,1.933447648938126e-08,3.628401442322887e-08,1.2948246780891622e-08,3.103414914207282e-08,5.8832094069682916e-08,4.8926449657861186e-08,0.00012597111746938055,6.093154228106153e-08,4.551017352660593e-08,2.241744165412251e-08,3.178616274983158e-08,9.596535616413425e-09,7.3996303238627575e-09,1.9804677245348318e-08,3.47610298436517e-08,1.1700185622050238e-08
Li ion,1.7015633334048474e-14,4.445891077943429e-16,-1.0966833561158984e-16,1.7423152354151695e-16,1.4358726554884283e-16,-1.863487639359911e-19,2.5346959978166897e-16,1.3895679412679988e-16,-4.566767683720121e-17,8.343396523826759e-17,7.892186095230664e-17,1.8862212359510335e-16,1.3242634962286604e-16,2.06414796581128e-16,-9.589183719154331e-17,1.9349771231852559e-16,-8.706344007822643e-17,1.982706360893462e-16,-4.569787284130368e-16,1.7909819060153394e-17,2.84227380429337e-16,8.489136153500951e-13,2.2471673095984653e-15,-1.0802008702451601e-16,6.29277800587786e-16,3.1752433738627884e-16,9.109199319761947e-17,-3.944483266234609e-16,2.9046433073688705e-16,3.1989830825451528e-18,1.6817588299270495e-16
OCGT,1.643648009307072,1.6430783139363758,1.6291558661942465,1.5978225701759836,1.5452641559044022,1.5036730891617824,1.452418913666145,1.3994009871436945,1.3425366897076547,1.2930511942705736,1.2448019219296698,1.5944504577718623,1.4807896557962823,1.3492273609769074,1.2247579256502772,1.0522002764254232,0.9172541479199798,0.8569040852421482,0.8530326153296078,0.8967283378642145,1.0052594012253215,1.6434821755730136,1.6400089774355084,1.629372489525626,1.6047013252121973,1.575052295788699,1.5448927449258651,1.4968803409260536,1.416730697313615,1.351123229441187,1.2994955505303225
PHS,10.020521866068977,10.020521830007109,10.020498324152923,10.020521175518455,10.020497412831247,10.020520305092568,10.020518990000351,10.020493934015906,10.02046728551293,10.020493214405128,10.020516358049926,10.020522323302751,10.020521228238318,10.020530271419535,10.020469645902967,10.020519300084999,10.020468492389435,10.02048470977789,10.02051456816473,10.020510941315319,10.020504073477483,10.020532064647282,10.020526204383374,10.020525750245938,10.020471157286993,10.020519705969539,10.020483464876213,10.020486592626728,10.020469133440695,10.02051947302264,10.020484265690817
SMR,0.7374153517216419,0.736794893174893,0.7330376712441107,0.7244664307017186,0.7131116176132194,0.7010795977299751,0.6937868241992207,0.682561059010606,0.6741046366023306,0.6723422388342535,0.6603068264971446,0.7370996354295144,0.7011867681409192,0.6888327157490605,0.6762002490352181,0.6239364776860584,0.5742266692259352,0.5351438338408736,0.4959477502667965,0.4535396424760593,0.36890585750238486,0.7376535679046826,0.7364654631623783,0.7311469527677809,0.723600711315428,0.7147277374765837,0.7040323695663206,0.6925989120725397,0.6784968195618382,0.6616224053303964,0.623112619284949
SMR CC,1.313971153346029,1.314260214683786,1.3149937536792113,1.3110809729792918,1.3066051310435294,1.3100199146397815,1.3126880946572923,1.3163046719947125,1.3214034965088335,1.316847655294115,1.3134064341741785,1.3151767165552637,1.3180158226692953,1.3113304808274429,1.3196234788687218,1.3338289908126655,1.3420697232827228,1.3556473212445936,1.334125602089623,1.326851000605358,1.329993784442799,1.315084445062586,1.3148787931740338,1.3164861482513452,1.3123739767567733,1.3086121487707558,1.3077575122234724,1.3049145788153114,1.3042190094108725,1.3007321567795487,1.2979101761146783
Sabatier,1.3054593232269068e-06,2.369678859692684e-08,4.6779608394171916e-09,5.5743215076808856e-09,1.1687434671649788e-08,9.743708029959695e-15,3.2543462571513917e-09,5.725633624969402e-09,6.045813559519558e-09,9.903842362991855e-09,6.621169316695011e-09,3.1080508819364e-08,1.7205929117720893e-08,3.478657549398983e-08,4.386721053078899e-09,1.2812127028364778e-08,2.292445604678882e-08,6.953606627253533e-09,1.733475920619699e-08,3.44495410986975e-08,2.618798733356154e-08,0.00010076780403211186,3.1773655144094244e-08,2.5470923571970157e-08,1.3666864452228888e-08,2.120098896003674e-08,5.361824288109487e-09,4.058502119007227e-09,1.3537685719228216e-08,2.3482983223206007e-08,6.943451749410138e-09
V2G,0.0020244904252614063,0.0020081833671074514,0.0019696139086704894,0.00200245303342771,0.0019651341807198257,0.002000518557421782,0.001997112598588343,0.0019551913290897756,0.001969720317506381,0.0019679957299107704,0.0019872663810972906,0.002008460527891164,0.002022094893389144,0.002000219094161919,0.001990063638715351,0.0019339846225257748,0.0019960366603856985,0.001940357160410902,0.0018879624782838274,0.0019179245548842628,0.00188971439636171,0.002019678742123339,0.002007296782202427,0.0020089682996331376,0.0019904554219742445,0.0019650065807629356,0.0020371187534903926,0.002043050785873186,0.0021239468829992022,0.002151140709907391,0.0022319483212536848
agriculture machinery oil,0.0009845679939173616,0.0009583003438590596,0.0010040299934904347,0.0008407680017263627,0.0010040299934904347,0.0009583003438590596,0.0009583003438590596,0.0010040299934904347,0.0009562954675627948,0.0009562954675627948,0.0009583003438590596,0.0009583003438590596,0.0009845679939173616,0.0008407680017263627,0.0008771540226931892,0.0008551684999989637,0.0008282400021084788,0.0009562954675627948,0.0008551684999989637,0.0009583003438590596,0.0008407680017263627,0.0009583003438590596,0.0009583003438590596,0.0009583003438590596,0.0009562954675627948,0.0008551684999989637,0.0009583003438590596,0.0009562954675627948,0.0008282400021084788,0.0008407680017263627,0.0009845679939173616
battery,12.54906766578686,12.540663037244014,12.533434116029072,12.516136755433207,12.490220828967148,12.458019687883999,12.420750230054486,12.375834584020671,12.295063581754475,12.179004340906863,12.046159432876134,12.551242069473451,12.593050140959507,12.60474956086136,12.69115498764461,12.817735298511684,12.898481348298075,12.95004850463613,13.001670076710534,12.933529217692321,12.799322892528522,12.552209372007523,12.55077189658994,12.550903640776923,12.534204436720277,12.513315231537442,12.485307063243544,12.430933471830626,12.393458334843354,12.312321769070195,12.22212587568481
battery charger,3.6198542132709934,3.617285462162528,3.6143694609200034,3.6066477661951803,3.5966003286149384,3.587627719673339,3.5748886720025568,3.5575376635574996,3.5294990961306913,3.4923363908567553,3.4506993021963126,3.6196068218422224,3.628967249945555,3.634136926809642,3.6601577707160198,3.706260011275859,3.7369206029003674,3.76645691469032,3.7947925848807773,3.7766384902955656,3.734820900739981,3.620908269844773,3.6194618178857803,3.6174489597609925,3.6138925571659013,3.6070361653944607,3.595863327182354,3.5796799170163895,3.5657569359412524,3.534204006413975,3.498818445079117
battery discharger,0.003143834279530318,0.0034659584104853513,0.00324495841714043,0.003493289064566876,0.003233471569423691,0.0034438316982233937,0.003433306540148469,0.00320417673168937,0.00346224845543608,0.0034298114858438496,0.0033313384662245742,0.0034690024625690864,0.003155196691305134,0.0035158487002541054,0.0035639996486070595,0.0035713168421350147,0.003476223917101722,0.003642239765612811,0.003621958475959591,0.00357049620804208,0.0035667706536423234,0.0034736537992054307,0.0034689561655487445,0.0034691470483833166,0.0035281721046665285,0.0034936767187711514,0.0034544451688682727,0.0035051803563122975,0.0033590804813018083,0.0034524468761272134,0.0030830132482103337
biogas,21.57833142816376,21.578406266855993,21.5783233149562,21.57840626686299,21.57832331495211,21.578406266865013,21.578432499128528,21.578323314955437,21.578344409187043,21.578423425648786,21.578432499128066,21.57843249912968,21.578331428263176,21.578323314959235,21.578344409188173,21.578435272262986,21.578323314950016,21.578435272265136,21.57833142826151,21.57840626685496,21.57840626685596,21.57832328391474,21.578270457088493,21.578323314951692,21.578423425645788,21.57843527225784,21.5784324991281,21.578435272266073,21.578323314952968,21.578406266858973,21.578331428270427
biogas to gas,9.536671286217775,9.536634735340948,9.536599962924234,9.536716303337734,9.536599973623,9.53663470872275,9.536634713858074,9.536599965046097,9.536591117259762,9.536591119955048,9.536634719263642,9.536634757404254,9.5366696044817,9.536716347740194,9.536696746829602,9.536574510316942,9.536633922820313,9.536591118097961,9.536574521587678,9.536634751826787,9.5367163341102,9.536736561328754,9.536634754890331,9.536634741891845,9.536591125012745,9.536574519384546,9.536634715757572,9.536591113512374,9.536633911536743,9.53671632166406,9.53666959413646
co2,7.10360689857115e-15,8.314753600832549e-15,-1.3992547928979537e-14,-2.0617492777555265e-14,2.229228427827495e-14,-1.4045113265942376e-15,-3.6021911824971004e-14,-2.811746854986349e-14,-1.5928305086558593e-14,5.559380239184153e-15,6.218350345774134e-15,-4.656963455838336e-14,-2.7201103900019274e-14,-5.952056168934749e-15,-2.874723798349174e-14,-2.3655728759462838e-15,-1.486613304190828e-14,2.40931510903159e-14,-1.8970608367809418e-15,-1.634887145771891e-14,-3.0713397450418656e-15,2.3924876882623836e-13,-2.4073261921528765e-13,1.1760718411153801e-14,2.233762049544109e-14,-1.2395814549170914e-15,-1.3270730329934923e-14,3.912930958499562e-14,-2.5711145970373307e-14,7.164357264693595e-15,2.338257133923451e-15
co2 sequestered,2.000179273482133,1.9998421576218217,2.000064043922981,2.0000384384220906,2.000064043923045,1.9998421576215455,2.0000336665828056,2.000064043922993,2.0000916923152174,2.0002875441335903,2.000033666582856,2.000033666583093,2.000179273469557,1.9999095157548676,2.0000088593619316,1.999797671899251,1.9998702347495747,1.999973822692374,2.0000660249921025,1.9998421576218859,2.0000384384223278,1.9997132359267469,2.000009439343948,1.9997132349543096,2.000287544133647,1.9997976718993713,2.0000336665828335,1.9999738226923398,1.999870234749447,2.000038438422355,2.0001792734694095
co2 stored,0.012811293311807291,0.013046898258074091,0.01318967506006742,0.013011627100382712,0.012995401364761077,0.013327239792306865,0.013846351693684473,0.014022642629879411,0.013919145163270016,0.014061836563182563,0.013964850039223736,0.012913293757266072,0.01324714453454571,0.012895299947693123,0.012816734191967879,0.01160002709225926,0.010914273326721033,0.010075554020022609,0.010050282809684818,0.009179122124649892,0.0065529221322727805,0.01324148813728285,0.013253613689408176,0.013226675058263028,0.013191391286391959,0.013148379366195641,0.013470553882955467,0.01365109314306883,0.013766373690657292,0.013793659061019732,0.013667029931139833
electricity distribution grid,50.49506317231279,50.49272095426145,50.48281845957708,50.43940784972723,50.36335101894786,50.24404479025396,50.075062114265734,49.86101291353674,49.643814568539284,49.40713914702272,49.11799794277641,50.466251447394804,50.445485296593986,50.38424590331018,50.201048478425584,49.96528307762243,49.60174669643916,49.05171722684499,48.334023556274076,47.45857968809939,46.35154893338825,50.48613509270195,50.472092151356776,50.43567764939286,50.391926359870595,50.300361287392825,50.14174894168334,49.863889429978165,49.473772078503984,49.04884614034715,48.622240003492195
gas,5.280414158342298,5.280059635456599,5.280052218779551,5.280059549999139,5.280049064981356,5.280046093766904,5.280097803618934,5.2801513398866,5.280157735237057,5.28010500398539,5.280091150898078,5.280037948451881,5.2800190350479035,5.280000031566883,5.604150326347236,5.279944761064941,5.279784057575643,5.2794595599163,5.27887197914316,5.278129348079133,5.278161432169649,5.335994104194402,5.280048803491028,5.280043431906785,5.28004458828262,5.280019726278192,5.280008344501179,5.280015200234657,5.280124242833166,5.280129151536934,5.280157213153132
gas for industry,2.0525786675320533e-09,4.36960537937485e-11,7.733548738385971e-12,9.369904693988078e-12,1.9140692334254842e-11,1.5198325643431758e-17,5.455396897989642e-12,9.759205494846722e-12,9.733700367130907e-12,1.7637577246754136e-11,1.3037612137724467e-11,5.299507162011273e-11,3.419447960935501e-11,6.217688134025222e-11,7.28456689341415e-12,2.0525069591830657e-11,4.2522439481293945e-11,1.3269594362207987e-11,3.022385843489957e-11,6.23485531549287e-11,5.758196723350236e-11,1.599336740674958e-07,6.032720620142054e-11,4.812255648170441e-11,2.7961751045032516e-11,3.990021412227028e-11,9.590092009509547e-12,6.973558488938926e-12,2.160665370836374e-11,5.0670346840009445e-11,1.0797811929231687e-11
gas for industry CC,1.7996585455717211,1.7996943663939486,1.7997284911376021,1.7997383877743782,1.799728493922812,1.7996943697027352,1.7996943710265128,1.7997284917995857,1.7996855186861416,1.7996855159789407,1.799694370915132,1.7996943820088827,1.7996582519979982,1.7997383951394323,1.7998483296629815,1.7997699859777898,1.799734015933345,1.7996855173165272,1.7997699901373823,1.7996943710744313,1.7997383857292564,1.799685546828227,1.7996943748005108,1.7996943704867507,1.7996855142349202,1.7997699814440626,1.7996943702205832,1.7996855169539103,1.7997340179272203,1.7997383775456781,1.7996582571210964
gas pipeline,0.7205026057232852,0.7205861089759964,0.7204763503562622,0.7205373133119254,0.7204854828438975,0.720590122026268,0.7205972219593629,0.7205249122677375,0.7205652314964293,0.7205641628603591,0.7206077713096221,0.7205518578503629,0.720506970113299,0.7205078903384746,0.720470426905606,0.7204467447275538,0.7203532342351662,0.7203369441484119,0.7203807097968461,0.7203527768449322,0.7202834716040946,0.7210150507076097,0.7205624164686967,0.7205684730416273,0.7204996839296631,0.7205648341996322,0.7205861270937991,0.7205117039407127,0.7204953174553199,0.7205357403616259,0.720525176782293
gas pipeline new,0.007465630810825497,0.007389180068202209,0.007424902868734622,0.007323561202278152,0.007240729796362607,0.007081361136317584,0.006977219994337108,0.006910024715361881,0.0068376778448230886,0.006802452058711459,0.006827396381164811,0.007411281318447194,0.007119845112233273,0.0069899835698700044,0.006699425450600993,0.00634175526798199,0.005437320714731578,0.004541278429717285,0.003756309890070353,0.003881143224195726,0.003901596586901627,0.007463698121098333,0.0074283944869670375,0.0073833653589991805,0.007426920146516288,0.007309441145367513,0.007203687683864036,0.007220649911319761,0.007161284276255887,0.007113913282000841,0.007140847005835781
generators-gas,7.218370479298819,7.218025155181373,7.211628116227286,7.192397513783453,7.144429589717753,7.092831665788997,7.038695189766014,6.991863192740997,6.934005383003487,6.863170335128378,6.7878561112339195,7.2141676529621455,7.178993858693572,7.097042111583849,6.985561407036114,6.726508236669367,6.364917188153058,5.872782837407054,5.272439071672103,4.627748781322501,3.8560531923698607,7.219391860487541,7.216726725403449,7.202651561297868,7.168120168088807,7.126432913537752,7.076586135374193,7.0014988864679175,6.898150187288246,6.798169116085578,6.673646444051719
home battery,8.42654961265822e-06,1.3920339321449363e-07,3.769526494972135e-08,3.7947408738300373e-08,9.504182222737991e-08,7.142765362451628e-14,2.758873233443194e-08,4.9594151604185404e-08,4.991333020199937e-08,6.181112665566719e-08,5.163896349142471e-08,2.4070031255214044e-07,9.962539156511805e-08,2.4796961507531705e-07,3.609998917654884e-08,7.851675977899955e-08,1.519166203845968e-07,5.0366394473225035e-08,1.2883212290742626e-07,2.3259906280155262e-07,1.848046350907218e-07,0.0004826001285405969,2.374739855070411e-07,1.7893513964314027e-07,8.65063309413651e-08,1.2260976865190804e-07,3.731411139245642e-08,2.9505349245714862e-08,7.762435512847946e-08,1.4538614734635048e-07,4.885760602850177e-08
home battery charger,5.29175716789194e-06,8.914591535144221e-08,2.536975388866481e-08,2.47311190386376e-08,6.395349464603249e-08,4.6941228380884777e-14,1.846259031162013e-08,3.315070030880983e-08,3.3422182069364876e-08,4.030253234740556e-08,3.257377551885569e-08,1.4773977050362148e-07,6.47290180114688e-08,1.5218536934312442e-07,2.423413624398116e-08,5.009768126428898e-08,8.88298823981708e-08,3.235174805091505e-08,7.59966143186247e-08,1.4824484800872758e-07,1.1286687223560838e-07,0.0002954720618997421,1.4144359221466738e-07,1.0814472821497029e-07,5.525182380727768e-08,8.090853674411624e-08,2.417267548843633e-08,1.9279584257285524e-08,5.200127624471888e-08,8.793805058181043e-08,3.1839671589471844e-08
home battery discharger,5.319218188123761e-09,9.88305270109455e-11,2.4505706944152518e-11,2.53666667311586e-11,6.160021196342212e-11,4.671499692308859e-17,1.7861261992373e-11,3.190818361803099e-11,3.2634538420877177e-11,4.303017081594436e-11,3.1851076704112674e-11,1.395736019509927e-10,7.28123127740697e-11,1.4838220721382394e-10,2.356209052004275e-11,5.773689143045659e-11,9.330584035741601e-11,3.3349383783150854e-11,7.973277702466584e-11,1.5969386783006609e-10,1.1466552690093381e-10,3.0874192014707253e-07,1.3788496809571877e-10,1.0893276459889678e-10,6.006167541028179e-11,9.1801260268204e-11,2.448195888249419e-11,1.973205566160116e-11,5.913238251232406e-11,9.008332217837759e-11,3.4401383951974866e-11
hydro,18.347343261176555,18.34734342180836,18.34734834689917,18.347343417605867,18.347348357062867,18.34734341717949,18.347343436936214,18.347348349332744,18.347239941400886,18.347348326643807,18.347343398498186,18.347343414749265,18.347343258944296,18.347348495530316,18.347239773299354,18.347343435092608,18.34723978561222,18.34733019905348,18.347343422483174,18.347343377000456,18.347343410936947,18.34734778390009,18.34717819718274,18.34717835913344,18.34723993732785,18.34734342184868,18.347353866824722,18.347330190794203,18.34723975587682,18.347343407201414,18.347353682550413
industry methanol,8.56742299533952e-05,8.979712579890487e-05,8.832274749423155e-05,8.837132775911236e-05,8.832274749423155e-05,8.979712579890487e-05,8.979712579890487e-05,8.832274749423155e-05,8.980434618960984e-05,8.980434618960984e-05,8.979712579890487e-05,8.979712579890487e-05,8.56742299533952e-05,8.837132775911236e-05,9.168359523839473e-05,8.933064305740611e-05,9.099253472717542e-05,8.980434618960984e-05,8.933064305740611e-05,8.979712579890487e-05,8.837132775911236e-05,8.979712579890487e-05,8.979712579890487e-05,8.979712579890487e-05,8.980434618960984e-05,8.933064305740611e-05,8.979712579890487e-05,8.980434618960984e-05,9.099253472717542e-05,8.837132775911236e-05,8.56742299533952e-05
kerosene for aviation,0.0068694342719932385,0.00678018662889682,0.007361301650498538,0.007935409951723411,0.007361301650498538,0.00678018662889682,0.00678018662889682,0.007361301650498538,0.007504566498586083,0.007504566498586083,0.00678018662889682,0.00678018662889682,0.0068694342719932385,0.007935409951723411,0.007854399344961498,0.00748257049863692,0.006713148395572101,0.007504566498586083,0.00748257049863692,0.00678018662889682,0.007935409951723411,0.00678018662889682,0.00678018662889682,0.00678018662889682,0.007504566498586083,0.00748257049863692,0.00678018662889682,0.007504566498586083,0.006713148395572101,0.007935409951723411,0.0068694342719932385
methanol,0.4885941348404701,0.41864834925271516,0.5426230373956246,0.48097096472230333,0.4854526199861573,0.7628966192205375,0.49839499679208993,0.5238538539482996,0.5794281754374732,0.5074981470636339,0.40093231269054685,0.30955253015637824,0.48097757509913847,0.3550623415892324,0.4860732570136329,0.4907982083180172,0.7877599705636428,0.4872208572558988,0.4732558690377216,0.4667594827490335,0.36423125529022626,0.5127176332812474,0.3793013341299676,0.33488657865610405,0.4959755835459356,0.4583668548258705,0.4823424685405199,1.9152210367304503,0.5750739278895471,0.3905645099560037,0.47453697831875946
methanolisation,6.601642989822528,6.60091574074279,6.6016201738340765,6.602622082557346,6.604173980226744,6.605269133215312,6.60676556536461,6.609510789624403,6.608658564917103,6.605261194277677,6.60164389110267,6.602138944408053,6.603520714371963,6.608164348008267,6.613040919006813,6.622904045941705,6.627202933770989,6.633615274321071,6.644478523130578,6.677088195355715,6.694345975760676,6.601788510879112,6.60173553349361,6.601849519180887,6.602934853398583,6.60399690039687,6.602098097252629,6.60505832362992,6.605827076077724,6.6034844610268095,6.603074230968206
naphtha for industry,0.0028040711869663027,0.0030638853660759817,0.0033104066265680567,0.0032500670580121725,0.0033104066265680567,0.0030638853660759817,0.0030638853660759817,0.0033104066265680567,0.0030976256208288663,0.0030976256208288663,0.0030638853660759817,0.0030638853660759817,0.0028040711869663027,0.0032500670580121725,0.003338344057009698,0.0029831218917728934,0.0028752360920382917,0.0030976256208288663,0.0029831218917728934,0.0030638853660759817,0.0032500670580121725,0.0030638853660759817,0.0030638853660759817,0.0030638853660759817,0.0030976256208288663,0.0029831218917728934,0.0030638853660759817,0.0030976256208288663,0.0028752360920382917,0.0032500670580121725,0.0028040711869663027
nuclear,89.36925944026896,89.36908118780744,89.36889132745092,89.3693642173365,89.37003593679344,89.37237940907761,89.37697741565036,89.38057405256104,89.37790475895659,89.37653564367021,89.3768591223483,89.36834688467222,89.36997080543115,89.36983748775408,89.36564004636006,89.3667558293875,89.37123088110509,89.37836078483436,89.39868966945903,89.43662841548715,89.49570691584,89.36927269603913,89.36970409969715,89.37108583065415,89.3716987692855,89.37126348335939,89.37262282186134,89.374910337149,89.37932812060227,89.3823981264481,89.38717931142551
offwind-ac,22.77596686073809,22.776845718921308,22.780345206251734,22.772199495688714,22.755890112881854,22.741650050295007,22.71909999400393,22.695824956153988,22.660691620105375,22.627903579966773,22.459573391552503,22.785404837878644,22.86570092673442,22.91903664286171,23.0795055742271,22.481184377525768,22.11906085563417,21.470434319418004,20.69691028745158,20.08717484071621,19.76951518507606,22.77942213657789,22.77975867820827,22.781081818837563,22.773919862784673,22.759831263042308,22.72816989276205,22.699009123960586,22.655821425953437,22.60682435853335,22.425981221332066
offwind-dc,32.733616384592956,32.73591625317305,32.74731740946224,32.72923031178513,32.68672650902407,32.642984923386116,32.56703766356929,32.54342905445106,32.456522672667255,32.33094431302241,32.20671435398777,32.74997246338988,32.742272175958995,32.66105295965683,32.446940585295,32.097588613814445,31.898241778855592,31.667227533100057,31.556940755686405,31.49385336564866,31.303615391788053,32.73605034426332,32.73539884687983,32.74485490695403,32.722788190574136,32.71336128237944,32.6881345997834,32.649209254483324,32.51091780985689,32.375678695207476,32.245894484808204
offwind-float,3.8769259633988087,3.87663944827768,3.850752693162881,3.8646078070589103,3.8125760603807493,3.746194248245765,3.680995468491662,3.5586386688656497,3.3498245243589344,3.1363040637411954,2.9919618700210178,3.9097877226541025,3.6260430277125004,3.4113667152255074,2.9825137260260153,2.9557615095260332,2.95575390340334,2.955760474550674,2.955735835199687,2.289595979751878,1.8526474556767587,3.8741413999747945,3.8832766336693867,3.856916624637483,3.829886362633928,3.7643151460832733,3.704718036958509,3.599297764343079,3.41307086338492,3.1969254350622855,3.055872359754342
oil,3.1699671411192583,3.1702141242853377,3.181089125444759,3.2129774438837413,3.292520864902932,3.3778156260073975,3.4679046929253734,3.545512448418676,3.641271686657121,3.758914507535393,3.8838446706966536,3.1769382142907734,3.2352596537381006,3.3710983232019496,3.5556373784107174,3.9855300023245586,4.584912202758217,5.401210409981404,6.3964521664708975,7.4655075284982635,8.745420866556183,3.16794975331964,3.1722986172108194,3.195732863520742,3.2527316874107495,3.3223618659357665,3.4046903839914826,3.5295321009990923,3.700676958520274,3.866701562740595,4.072876419473809
onwind,165.20625419681176,165.20939445172894,165.16026504383396,165.06648293539544,164.89409315075298,164.6094027132551,164.21029006019424,163.64236930608647,163.13204962758078,162.52712293926766,161.82910516373397,165.1329936291436,165.0334555640635,164.88762130631505,164.466976541594,164.09691511089457,162.92360989220347,161.35421669117986,159.25673681077035,157.00874876540368,154.18657812893508,165.18594087046404,165.14145222895377,165.04466206731627,164.91010573206307,164.66950907285417,164.28111541205143,163.5821769322413,162.7437267093167,161.8499242903632,160.95870879727855
process emissions,2.3501294305508624e-12,4.2564756300772954e-14,1.7450376117551984e-14,1.4063816753068891e-14,4.44173893214555e-14,1.55695511089812e-19,1.2918925037479453e-14,2.284196690562367e-14,2.226445851265576e-14,2.0787623855260502e-14,1.6503638365254373e-14,5.3609957738159445e-14,3.6766763411353974e-14,6.464587698335222e-14,1.8317192470008857e-14,3.0808267836902155e-14,4.0804516639254054e-14,1.7691410158503244e-14,4.483045514427832e-14,7.888802525575565e-14,4.9732506647644987e-14,1.1489661247524227e-10,5.516134659234843e-14,4.883387757360719e-14,2.5378335729299116e-14,4.0219919491653684e-14,1.3521131244656697e-14,1.1157360302235274e-14,2.861378321344628e-14,4.2085449931209467e-14,1.952512721946561e-14
process emissions CC,4.722432825879331,4.722504752146853,4.722424619050681,4.722426306258974,4.722424619245439,4.722504751603351,4.722504751697225,4.722424619089381,4.7224077179626995,4.722407718033326,4.7225047518193435,4.722504752740791,4.722432788888994,4.722426307230878,4.722473385937974,4.72243670737477,4.722393065311616,4.7224077179903325,4.722436707597799,4.722504752494955,4.722426306960079,4.722506908525147,4.72250475266252,4.72250475233575,4.722407718141182,4.722436707570636,4.7225047517477625,4.722407717899937,4.722393065032295,4.722426306639404,4.722432788682861
ror,14.259079506557246,14.25908101009455,14.25908992154077,14.259089902618896,14.259089907391955,14.25908102049566,14.259080159296815,14.259089933516613,14.259091169952569,14.259089959518302,14.25908016706582,14.259080154604328,14.259080150338324,14.259089901210784,14.25909363682132,14.259089908372427,14.259084929353666,14.259089903710882,14.259080961263788,14.25908098059179,14.259089997330856,14.259045882883912,14.259093565236771,14.259084935856004,14.259097577797121,14.259089861433717,14.259093566786472,14.259089929815241,14.259084818639597,14.259089910601347,14.259093268741
rural air heat pump,7.779602342516225e-06,1.468427688359925e-07,3.289961098025221e-08,3.645734850520917e-08,8.235992638354748e-08,6.448160292765588e-14,2.3759229324434938e-08,4.2700040722147863e-08,4.29823299926169e-08,6.293666197912418e-08,4.9301079629548034e-08,2.2429668724146889e-07,1.0839638952970961e-07,2.3847289993958715e-07,3.1450065106759984e-08,7.576984717200264e-08,1.4127921730069968e-07,4.866638451695804e-08,1.1469997878103358e-07,2.2636333266199168e-07,1.924198367684914e-07,0.0005114832666758915,2.2211012006940226e-07,1.7613249195002208e-07,9.161786209571944e-08,1.345008582240305e-07,3.5336577785083924e-08,2.6845246979350193e-08,7.990630909054635e-08,1.4301505173512546e-07,4.439066876698792e-08
rural biomass boiler,7.4426131839372705e-06,1.3133721788161704e-07,3.2744684127217736e-08,3.4142789760309246e-08,8.206361488346594e-08,6.288885382666921e-14,2.3548250786495652e-08,4.206925815909796e-08,4.2061136192743153e-08,5.6893725542108393e-08,4.797013581908426e-08,2.188721838758965e-07,9.882033800529936e-08,2.3234000309399272e-07,3.102187896560286e-08,6.654969330537687e-08,1.2532954319386478e-07,4.46905826373824e-08,1.0611795540183815e-07,1.975122335024114e-07,1.8032064435642558e-07,0.0004929731539401316,2.199831725230724e-07,1.6143265772902915e-07,8.360532043738931e-08,1.1331402278356341e-07,3.392014434135604e-08,2.5912765040295094e-08,7.058198683795608e-08,1.369054989439648e-07,3.9903271637011956e-08
rural gas boiler,2.840962417591227,2.8415425591110255,2.8399509181342326,2.8348318213401287,2.82004427874332,2.817118268347386,2.8027807725360288,2.7959336147918004,2.7820241397336303,2.758135715778814,2.7529091601097577,2.824277728120304,2.780875595343825,2.6390371260283314,2.418414220444226,2.2065909476306307,1.8221347850512468,1.509329158232127,1.2794441387761115,1.099106883668077,0.9545615812813721,2.84064108337454,2.8398863749359045,2.839077226750598,2.8373557457980683,2.8313005920827163,2.823067782064459,2.8034717282062944,2.7827885663787906,2.7680384531330717,2.7513897699375693
rural ground heat pump,42.1315303692598,42.13045695944433,42.13020094208003,42.13013574259646,42.13259324371915,42.14138398948697,42.14909615163863,42.14344362451713,42.1486792322396,42.165826367711816,42.157326113974754,42.1295121784377,42.08919365083607,42.044126885598594,41.93672690383349,41.65234569628453,41.351370554405975,40.72024694585047,39.47044538922156,37.89120796538101,35.91187513988241,42.13060412209242,42.13561259796611,42.13933119691363,42.149827005633384,42.16266311193072,42.16103168607827,42.17443885625087,42.185516761683864,42.19135422007799,42.205679844011236
rural resistive heater,0.9625629185783801,0.9627176384863457,0.9628039061011777,0.9633536980532591,0.9646165961122314,0.9636179459807553,0.9640772337729494,0.9651267580600399,0.9666008261506982,0.9680595405800606,0.9691910500522872,0.9629123410211091,0.9635784479640669,0.9493340033478835,0.9072067087861599,0.8566390859911645,0.8127020822877626,0.7755238394550907,0.7417461176950599,0.6861088141201521,0.6379049277646492,0.9625611618532361,0.9623322783916715,0.9622999018909598,0.9616861002952722,0.9609852075219192,0.9612844789029396,0.9624916186142423,0.9630747841589349,0.9634625983695787,0.9643417818110762
rural solar thermal,1.5846759025564184e-06,2.539713835523509e-08,5.989497819333186e-09,7.293407190966587e-09,1.4899819433712053e-08,1.2009295615783398e-14,4.289835399147696e-09,7.708665316981358e-09,7.749278530559413e-09,1.093842735729462e-08,8.021384416868791e-09,4.041929912598818e-08,1.6318141480504784e-08,4.256011732600526e-08,5.682952036732667e-09,1.5506468778783503e-08,2.7362060542101787e-08,9.395933354411542e-09,2.1811546408201858e-08,3.819145531570636e-08,3.4509239417673443e-08,9.480423879688801e-05,3.869672562374646e-08,3.116576905800084e-08,1.3081232857368267e-08,2.2289717951669186e-08,5.937606173055668e-09,4.5876340591366725e-09,1.1613699161766712e-08,2.3917861264956414e-08,8.54095555080114e-09
rural water tanks,1.04414314349582,1.044123932745443,1.044399844180566,1.0439536201659303,1.0437962705162924,1.0442524156944253,1.0447404052589537,1.0481858455962292,1.050576798539019,1.0545942089022604,1.0558954221501486,1.0335112314251484,1.0187283034338044,1.0193320455453372,1.0149711454739179,1.0176637014040302,1.0012640984277692,0.9669632581113135,0.9140135034468732,0.8075636376721557,0.7200069428607679,1.0433329949838208,1.0437434299599477,1.044041199009265,1.0447438017599409,1.0474370213674735,1.0493509227282158,1.0538875495998594,1.0610762208247637,1.0620525453107332,1.0646495872421355
rural water tanks charger,0.0015310275092752584,0.0015503474855003473,0.0015370469811922638,0.0015099951761858332,0.0015347696521754233,0.0015485411324110095,0.0015474510896016933,0.0015382697001469223,0.0015733738208396125,0.0015779044752002316,0.0015587662332617025,0.0015379786284064883,0.0015000892091609483,0.0014796882781003152,0.0015034309390357802,0.0014939305186286106,0.0014429332135887237,0.0014214679442413562,0.0013127422713932661,0.0011562516831183957,0.0010000759550290532,0.0015686568925745413,0.001549358967743106,0.0015488729938932914,0.0015685398054541765,0.0015458256506354466,0.0015537908483219337,0.0015764720757244833,0.0015425432932520665,0.0015283747316267105,0.001552701418431549
rural water tanks discharger,0.001105575100445781,0.0010830080682584324,0.001086305523786781,0.0011197750344522325,0.0010846519457669956,0.0010816312187313265,0.0010808164533481588,0.0010869022653251972,0.0011514841474965613,0.0011546782993846656,0.0010880729969211624,0.001074773246146867,0.0010853674814146007,0.0010957821627404262,0.0010660425826059746,0.0010779635042364865,0.0010530595385208979,0.001038722329330597,0.0009436139696624525,0.0008064086343772327,0.0007368107859382136,0.001091176857413428,0.0010825981806311283,0.0010822320510402927,0.001148532128546298,0.0011186089369588134,0.0010860325660228861,0.0011548667526824798,0.0011251370293474579,0.0011333808539420636,0.0011217419918632806
shipping methanol,0.004920210958872619,0.004872990222838245,0.005036943335698315,0.005009945730493553,0.005036943335698315,0.004872990222838245,0.004872990222838245,0.005036943335698315,0.004912010219687162,0.004912010219687162,0.004872990222838245,0.004872990222838245,0.004920210958872619,0.005009945730493553,0.0051614545966596394,0.005023454949426251,0.005066199374796809,0.004912010219687162,0.005023454949426251,0.004872990222838245,0.005009945730493553,0.004872990222838245,0.004872990222838245,0.004872990222838245,0.004912010219687162,0.005023454949426251,0.004872990222838245,0.004912010219687162,0.005066199374796809,0.005009945730493553,0.004920210958872619
solar,26.731472267948188,26.717481258304982,26.68271062370558,26.578962566358687,26.42212674352222,26.214207994179233,25.912539256800713,25.7062443847018,25.4354890332629,25.185441907197927,24.897708216530898,26.75135197497941,26.80406219398617,26.861477881304253,26.943230347693788,27.127318497212006,26.93430879812337,26.30963788899868,25.547540559646176,24.841312162973114,23.702053185804576,26.731408512690766,26.720464373412852,26.671141634823478,26.585313002868553,26.474483301807457,26.292434893523957,25.9660634015767,25.553303663309862,24.884465732955842,24.371420586426005
solar rooftop,29.934870696992107,29.933380801415247,29.940293275659954,29.984612378962318,29.918142837239117,29.77985917931853,29.566866822198854,29.4668822046171,29.34422994957224,29.268095105712156,29.17757113594834,29.985637433304763,29.9699764008369,30.011373138423245,30.189565870024598,30.19189483360368,30.212559579133586,30.362512999991004,30.226802793562026,29.69370677632186,29.43869440058138,29.945642733184208,29.91580814373118,29.90699332080864,29.863085408741604,29.796516794586744,29.635702163172393,29.41661877310236,29.13129256069241,28.734874656673046,28.39162882865211
solar-hsat,57.873624404310426,57.87974110603224,57.90684159539831,57.917033575375754,57.98608184547806,58.021873113486194,58.08228875468519,57.89659209280876,57.75345765535854,57.498344730697546,57.222321731400704,57.835390775202725,57.86917808251272,57.759722217674486,57.60775690399389,57.30746369154037,57.12627816408848,57.130329618353926,57.29647665111296,57.374700072793964,57.105465115982064,57.88019300606397,57.86659643087153,57.86537582737302,57.860210022564644,57.85101581984495,57.756721197017896,57.649287542600334,57.38727611302368,57.22353168878112,56.86587434141348
solid biomass,16.19557794647028,16.195000494444642,16.193533130202077,16.195000494444677,16.19353313020207,16.195000494444688,16.194378702562844,16.193533130202077,16.194666159395098,16.193544798961295,16.19437870256283,16.194378702562794,16.195577946472387,16.193533130202024,16.1946661593951,16.195489627774826,16.193533130202038,16.195489627774837,16.195577946472394,16.195000494444628,16.19500049444464,16.193533130034428,16.195229724398313,16.193533130202034,16.19354479896128,16.195489627774805,16.194378702562837,16.19548962777484,16.193533130202063,16.19500049444464,16.19557794647241
solid biomass for industry,1.8429705465071287e-11,3.661057528781204e-13,6.85232971207459e-14,7.440130242422411e-14,1.6853408826860182e-13,1.1759650414703166e-18,4.083746763057421e-14,8.636202650225947e-14,8.186849530046438e-14,1.6487489104879696e-13,1.0698263218076053e-13,4.210908091633023e-13,3.1991457388981483e-13,4.727241652654588e-13,5.360401184869964e-14,1.9147278163700262e-13,3.9370595734165297e-13,1.1881794513404698e-13,2.703687037980643e-13,4.910644828219379e-13,4.199635113936748e-13,1.3344460752131606e-09,4.640412795083034e-13,3.875678593943281e-13,2.514175806243454e-13,3.654269477894528e-13,7.801760289965462e-14,6.298272774490123e-14,2.055185287760801e-13,4.0822686699285727e-13,1.0122253494862874e-13
solid biomass for industry CC,9.846729778103299,9.847563201897849,9.846571082111227,9.84730232836178,9.846571082275613,9.847563201721336,9.847563201799709,9.846571082146173,9.846849726514234,9.846849726477362,9.847563201842757,9.847563202434195,9.846729757423212,9.84730232894446,9.847052043222005,9.84782884188856,9.84682596831144,9.846849726484985,9.847828842066919,9.847563202184107,9.847302328680016,9.847563920161605,9.847563202301941,9.847563202064617,9.84684972649937,9.847828841888914,9.847563201799447,9.846849726438059,9.846825968243506,9.847302328354349,9.846729757439638
urban central air heat pump,20.004648060475052,20.006675834398077,20.01373431471845,20.015867165096967,20.055937167325155,20.10830768417111,20.160698426509086,20.21514595023465,20.289373819751738,20.34290763461145,20.40823716675037,19.996052527519996,19.989698824033677,19.95731490324691,19.891756289140325,19.81872178541269,19.617488386180966,19.361367020393516,18.929945042247642,17.96261538943646,16.602563552154674,20.008642224402358,20.023528048876553,20.04625408015946,20.06794012315851,20.097023415220512,20.159309008075784,20.228443707436526,20.327521760173717,20.41679071110468,20.499588153376724
urban central gas CHP,5.111886507112275,5.111026849811738,5.11156612227831,5.101497900083912,5.094208841409173,5.062524439426266,5.035664461050663,4.9998640512865915,4.9659861817847935,4.934228345122307,4.889204884302119,5.1168895772161465,5.145051623106571,5.160726103576248,5.178382918368424,5.148382264255299,5.070014103420333,4.927071113790344,4.733880236851263,4.503875472658982,4.189416252866092,5.111282636863177,5.106857913172671,5.089532286469339,5.059876910782341,5.031961716695033,4.986598289319441,4.9164381806392905,4.858964245122383,4.785760044264656,4.691677888835811
urban central gas CHP CC,3.5585647518196783e-06,6.26778973357958e-08,1.5815616408081734e-08,1.642301235049381e-08,3.963655031803413e-08,3.0411444660254495e-14,1.1397761140742696e-08,2.0427864199824362e-08,2.0546970190567414e-08,2.7564103207324123e-08,2.2280815338792046e-08,1.0917677595282152e-07,4.5363464417264884e-08,1.1118826467754156e-07,1.5043678135761083e-08,3.315124121715634e-08,6.062641830550616e-08,2.1044149462199467e-08,5.161197993501776e-08,9.627966633934082e-08,7.830706855540159e-08,0.00021533856821309493,1.0306744329768978e-07,7.83192746362846e-08,3.9203240836121695e-08,5.5262115882307154e-08,1.604277871584197e-08,1.2372552877767401e-08,3.354689848731914e-08,5.892745567344669e-08,1.9669261157537133e-08
urban central gas boiler,0.6757563473605092,0.6760868952246671,0.6756166204578454,0.6774925994812756,0.6757075500169709,0.6729710116028622,0.6713857893189131,0.6713673196329225,0.6698986764551454,0.668959385841732,0.667762060096825,0.675918962237259,0.6753962049909257,0.6687495576308589,0.6619199700956901,0.6387134913416367,0.6104360363228246,0.5573084128429212,0.4880959090958003,0.43118904658579116,0.3415004239513471,0.6768879021858485,0.6768345133728148,0.6773985511706103,0.6770160347384677,0.6762413488221138,0.6768271940545842,0.678257208823441,0.6769119078475309,0.6756313412870204,0.670488240526345
urban central resistive heater,2.438878172962412,2.4387879819181784,2.4398640728480747,2.4395912949218954,2.437346652802293,2.431246566431282,2.4252334791302776,2.418417263471123,2.40910741327762,2.3975100362024753,2.3813266172790306,2.439743052610186,2.437760900455181,2.4298474541716297,2.410296648094429,2.378576569088956,2.3332341052777013,2.2687549175611204,2.1806000726987467,2.0834001962253725,1.973558875375052,2.4376871976168424,2.4344053252917632,2.4282582123976075,2.4231727946744126,2.4139694997794794,2.406753230162361,2.3895826258337216,2.3667308755915255,2.348808836599013,2.336822338129481
urban central solar thermal,2.1431371996973485e-06,3.5091403574691856e-08,9.160672775632267e-09,1.0293923995980496e-08,2.2940118706230482e-08,1.720226974112635e-14,6.608976739940617e-09,1.1859289014318735e-08,1.1940498360426733e-08,1.5025566404043417e-08,1.192938779987372e-08,5.650889081861963e-08,2.312995784467844e-08,5.748837890063245e-08,8.68644944750486e-09,1.9715350299129464e-08,3.637830142880404e-08,1.2479489900618729e-08,2.941733587988118e-08,5.108938871918784e-08,4.3195553119961384e-08,0.00012032554528904441,5.24238161907214e-08,4.295910573850813e-08,1.9209756005867086e-08,2.8975986179220594e-08,8.784960613117076e-09,6.699505661544516e-09,1.6756274260110103e-08,3.2689778727046375e-08,1.1891008275411674e-08
urban central solid biomass CHP,6.5462955976131616e-06,1.2044117323009333e-07,2.7952387330348523e-08,2.9775305363019073e-08,6.980616584103423e-08,5.352962774260147e-14,1.9808287426341295e-08,3.507344332456811e-08,3.469009444017548e-08,4.901632986957887e-08,3.931072189770489e-08,1.8767154769569702e-07,9.227901010557237e-08,1.9952583691412423e-07,2.704544742537318e-08,6.176643131757355e-08,1.2370653689609545e-07,4.4212203212582904e-08,1.0574496508106397e-07,2.158823279614641e-07,1.9757407593606977e-07,0.00044993790458366397,1.9077618585636632e-07,1.4408235216528145e-07,7.563273111193836e-08,1.0526472129093082e-07,3.0374417102260006e-08,2.237407330005265e-08,6.33467717083775e-08,1.2321605723706542e-07,3.3196382217707384e-08
urban central solid biomass CHP CC,25.556015524859195,25.55535512028607,25.553600129255635,25.550523094079747,25.55796185150028,25.565473158374175,25.58244387523621,25.595206948004318,25.60964969446374,25.626000313488493,25.65341416300946,25.555825228026062,25.561343819364133,25.55857244242476,25.54383008726992,25.521191061442718,25.474017040620026,25.391111642244823,25.27577706476339,25.099621588013196,24.89679696259459,25.55633208682041,25.551646733249562,25.546917314880776,25.544060124900493,25.547805346916743,25.55467355824108,25.564256921543617,25.586762466963037,25.603439932287493,25.63194558823137
urban central water tanks,19.644051451386243,19.643264545553137,19.647064465049603,19.63825438065947,19.59813921113383,19.57107305940022,19.568669395704365,19.562876771385607,19.529462832260247,19.48327153659811,19.444741073418353,19.63251103873338,19.58958487620156,19.47248893830286,19.230440440197096,18.886593903767075,18.364029699604426,17.66195532577768,16.71769042876451,15.454097439684512,14.00942385877899,19.633634778021914,19.63153477500354,19.62336377764172,19.610920836403903,19.593882024937376,19.562032474610454,19.50970767340268,19.447234293611885,19.39002705261985,19.370651690057464
urban central water tanks charger,0.011252531014637185,0.011715419663237974,0.011337476224434179,0.011745028750733345,0.011318301432250011,0.011679204122567134,0.011675719778983682,0.011303796760017663,0.011686970046428463,0.011667645438356166,0.011635243136787456,0.011717311529944431,0.011228604188990916,0.01169031828143252,0.011042285097313186,0.011627413139806904,0.011168714612074948,0.011191215425195638,0.011090461626231996,0.010606685553005325,0.010315841357183372,0.01173160147236999,0.011712124430267376,0.011707888584504472,0.01172144292796827,0.011861434276665918,0.011692135963799786,0.011686642399102215,0.011481913792591433,0.01164107644352223,0.011128213936808847
urban central water tanks discharger,0.005853428638454522,0.0060298237461029434,0.005955763024786645,0.005774987723390219,0.0059481690987221334,0.006012916689240392,0.006009570301030714,0.0059406531231655626,0.005998492615382472,0.005988393170325667,0.005990466875264847,0.006033796447781249,0.005848630536521795,0.005770404645472608,0.005788448448975322,0.0059177052768052,0.005935700358436207,0.00601093249041396,0.005912652686226732,0.00597023638048926,0.00574602440851815,0.00603789313816864,0.006029549030043874,0.0060274932501610855,0.006018688697389225,0.005955476264356325,0.006022816373912725,0.006005098945899724,0.0059486376757929855,0.005728780711452414,0.005792875385924595
urban decentral air heat pump,37.01030439335817,37.01063773288071,37.01282301362611,37.01333541440761,37.01696028960083,37.02592401605099,37.041018174258056,37.03973447328121,37.06373253937692,37.08957615304395,37.12124090171244,37.00573536018695,37.00072743301435,37.0093839662578,37.03696854674386,37.05209144781619,36.99549729655759,36.71654543066375,36.1395317825622,35.19029996646138,33.78317019196033,37.01295068088327,37.01206981753166,37.00853743090817,37.01540068190294,37.03708849649287,37.04710260115487,37.06981147614472,37.086406616285,37.12285562530108,37.14983900303593
urban decentral biomass boiler,8.634500381140727e-06,1.573161157323539e-07,3.8524055985447384e-08,4.002140016503308e-08,9.665264407263534e-08,7.300167017426336e-14,2.7677776215440646e-08,4.93580210225705e-08,4.9186502826846566e-08,6.702717227194102e-08,5.491138520391349e-08,2.541163682838277e-07,1.1976195121647226e-07,2.6694322276844123e-07,3.701609595935866e-08,7.962687922932446e-08,1.5758990857384262e-07,5.720084651428854e-08,1.3466094663814634e-07,2.807022163258985e-07,2.712337897270761e-07,0.000575934377465191,2.5740595058015457e-07,1.908853397779071e-07,9.93197531120314e-08,1.3706298164816046e-07,4.0614568294735243e-08,3.048620905556015e-08,8.41988954975816e-08,1.664099290777615e-07,4.643013060575356e-08
urban decentral gas boiler,9.74074093923743,9.739276360357387,9.731886073518067,9.717476552014105,9.687356248892632,9.656982268849289,9.61438933183924,9.589009086060623,9.545837068382058,9.47363291357057,9.426714324780265,9.712458901530157,9.611857901671629,9.422357703413907,9.11948141778803,8.57291717217906,7.881933215425929,7.112346109580724,6.323392962948362,5.494730446220851,4.7283004331304905,9.739092253586344,9.739574782398517,9.736040457924112,9.740427574112854,9.717025064345188,9.68034158923113,9.645622324798715,9.584943819951908,9.544026627806202,9.490675357120919
urban decentral resistive heater,1.6204652428304294,1.6208116320351593,1.620869819281856,1.6225500510623119,1.6244828521153118,1.6266202085819166,1.6299505375068415,1.6321299606685025,1.6350198367691238,1.641238599541428,1.6433662903597281,1.6194475559460513,1.6114829151818095,1.5904141721731315,1.507090446724571,1.4144119075731905,1.3107889727147923,1.220335551357353,1.1406524945472611,1.0630421781169876,0.9718536875514621,1.6204682707253475,1.6204764150805897,1.6200469449379693,1.6188024803931838,1.6200077690858734,1.6228510509301102,1.6264585082485976,1.6328874739157906,1.6354238477612901,1.6405486782904328
urban decentral solar thermal,1.6301957656170754e-06,2.704464045750711e-08,6.476220419291703e-09,7.698244458308528e-09,1.6111160007290825e-08,1.2658110774615129e-14,4.63988107312295e-09,8.336789310377025e-09,8.385096196030813e-09,1.1378425522895697e-08,8.494574620952392e-09,4.313866804889183e-08,1.685336786274292e-08,4.341914678894379e-08,6.134451289378175e-09,1.5314009020648602e-08,2.7835613133752684e-08,9.577510915698708e-09,2.2326772073042505e-08,3.865573706091191e-08,3.504868279229698e-08,9.551254149063014e-05,3.9502871291939793e-08,3.178072831405459e-08,1.398376883767834e-08,2.3260506867709895e-08,6.372372922822356e-09,4.845414904815654e-09,1.2479136819603414e-08,2.4495374601659174e-08,9.284562240211231e-09
urban decentral water tanks,1.2100365951730974,1.210009838778632,1.2093531434200677,1.2086807240968471,1.2070969415273407,1.2048143436547718,1.2032891481251722,1.205519180160425,1.2038312861369098,1.200395894492464,1.1963027591557618,1.2011707994914986,1.1635295793283684,1.1612464231682358,1.1432510567854643,1.1113191477487745,1.0831222708115074,1.0355615017144753,0.9785293766188032,0.9265214593916968,0.8818271719862486,1.210264785045713,1.2104809386013036,1.2101753627523504,1.2126312216742878,1.2140072547729819,1.2116580004905708,1.212537557723836,1.2136956364783216,1.2157506852813031,1.2223791756865188
urban decentral water tanks charger,0.0015435821332085333,0.0015768780115590559,0.0015196050395152882,0.001554836306607865,0.0015179777422651608,0.0015753131676655547,0.0015732797526985668,0.0015176469057380517,0.0015364803647536297,0.0015364122184765754,0.0015718582633949022,0.0015687999688122432,0.0015043556294884435,0.0015090078145564797,0.00148787492145432,0.0014626711601480767,0.0013932594846181824,0.0013354439966167238,0.0012662659631769238,0.0012085370617136197,0.0011247816083137848,0.0015953156871127898,0.0015770827318324408,0.0015766518864606005,0.0015413147559974665,0.0015640712366166362,0.001576988763096951,0.001540371651233923,0.0015352826636081268,0.001562063932771709,0.0015559465186318325
urban decentral water tanks discharger,0.0011281333710755474,0.0011003595911798843,0.001125632228192217,0.001109878921259333,0.001124228943343195,0.0010986357652813842,0.0010967595307119983,0.001123354365066125,0.0011423051318381276,0.001142539783939803,0.0010965266344864116,0.001095327423320533,0.00110230554494286,0.0010778138348618023,0.0010745348472505657,0.0010389830422431606,0.0010015271263843447,0.0009959513229629605,0.0008971497618457265,0.000846331689106403,0.0008044458418008807,0.0011099785891719206,0.0011005373994096947,0.001100335880936804,0.001146450534817601,0.0011083257768354654,0.0011007090107168942,0.001146638577012684,0.001101360415592802,0.0011163073253265612,0.0011380707885885054
