,main_runs/postnetworks/elec_s370_37m_lv1.2__Co2L0-2H-T-H-B-I-A-solar+p2_2050.nc,main_runs/postnetworks/elec_s370_37m_lv1.2__Co2L0-2H-T-H-B-I-A-solar+p2-ldemIelecIp1000_2050.nc,main_runs/postnetworks/elec_s370_37m_lv1.2__Co2L0-2H-T-H-B-I-A-solar+p2-ldemIelecIp950-lowtol_2050.nc,main_runs/postnetworks/elec_s370_37m_lv1.2__Co2L0-2H-T-H-B-I-A-solar+p2-ldemIelecIp850-lowtol_2050.nc,main_runs/postnetworks/elec_s370_37m_lv1.2__Co2L0-2H-T-H-B-I-A-solar+p2-ldemIelecIp800_2050.nc,main_runs/postnetworks/elec_s370_37m_lv1.2__Co2L0-2H-T-H-B-I-A-solar+p2-ldemIelecIp750-lowtol_2050.nc,main_runs/postnetworks/elec_s370_37m_lv1.2__Co2L0-2H-T-H-B-I-A-solar+p2-ldemIelecIp700-lowtol_2050.nc,main_runs/postnetworks/elec_s370_37m_lv1.2__Co2L0-2H-T-H-B-I-A-solar+p2-ldemIelecIp650-lowtol_2050.nc,main_runs/postnetworks/elec_s370_37m_lv1.2__Co2L0-2H-T-H-B-I-A-solar+p2-ldemIelecIp600-lowtol_2050.nc,main_runs/postnetworks/elec_s370_37m_lv1.2__Co2L0-2H-T-H-B-I-A-solar+p2-ldemIelecIp550-lowtol_2050.nc,main_runs/postnetworks/elec_s370_37m_lv1.2__Co2L0-2H-T-H-B-I-A-solar+p2-ldemIelecIp549-lowtol_2050.nc,main_runs/postnetworks/elec_s370_37m_lv1.2__Co2L0-2H-T-H-B-I-A-solar+p2-ldemIelecIp500-lowtol_2050.nc,main_runs/postnetworks/elec_s370_37m_lv1.2__Co2L0-2H-T-H-B-I-A-solar+p2-ldemIelecIp450-lowtol_2050.nc,main_runs/postnetworks/elec_s370_37m_lv1.2__Co2L0-2H-T-H-B-I-A-solar+p2-ldemIelecIp400_2050.nc,main_runs/postnetworks/elec_s370_37m_lv1.2__Co2L0-2H-T-H-B-I-A-solar+p2-ldemIelecIp350-lowtol_2050.nc,main_runs/postnetworks/elec_s370_37m_lv1.2__Co2L0-2H-T-H-B-I-A-solar+p2-ldemIelecIp300_2050.nc,main_runs/postnetworks/elec_s370_37m_lv1.2__Co2L0-2H-T-H-B-I-A-solar+p2-ldemIelecIp250_2050.nc,main_runs/postnetworks/elec_s370_37m_lv1.2__Co2L0-2H-T-H-B-I-A-solar+p2-ldemIelecIp200-lowtol_2050.nc,main_runs/postnetworks/elec_s370_37m_lv1.2__Co2L0-2H-T-H-B-I-A-solar+p2-ldemIheatIp1000_2050.nc,main_runs/postnetworks/elec_s370_37m_lv1.2__Co2L0-2H-T-H-B-I-A-solar+p2-ldemIheatIp950_2050.nc,main_runs/postnetworks/elec_s370_37m_lv1.2__Co2L0-2H-T-H-B-I-A-solar+p2-ldemIheatIp850_2050.nc,main_runs/postnetworks/elec_s370_37m_lv1.2__Co2L0-2H-T-H-B-I-A-solar+p2-ldemIheatIp800_2050.nc,main_runs/postnetworks/elec_s370_37m_lv1.2__Co2L0-2H-T-H-B-I-A-solar+p2-ldemIheatIp750-lowtol_2050.nc,main_runs/postnetworks/elec_s370_37m_lv1.2__Co2L0-2H-T-H-B-I-A-solar+p2-ldemIheatIp700_2050.nc,main_runs/postnetworks/elec_s370_37m_lv1.2__Co2L0-2H-T-H-B-I-A-solar+p2-ldemIheatIp650_2050.nc,main_runs/postnetworks/elec_s370_37m_lv1.2__Co2L0-2H-T-H-B-I-A-solar+p2-ldemIheatIp600_2050.nc,main_runs/postnetworks/elec_s370_37m_lv1.2__Co2L0-2H-T-H-B-I-A-solar+p2-ldemIheatIp550-lowtol_2050.nc,main_runs/postnetworks/elec_s370_37m_lv1.2__Co2L0-2H-T-H-B-I-A-solar+p2-ldemIheatIp500_2050.nc,main_runs/postnetworks/elec_s370_37m_lv1.2__Co2L0-2H-T-H-B-I-A-solar+p2-ldemIheatIp450_2050.nc,main_runs/postnetworks/elec_s370_37m_lv1.2__Co2L0-2H-T-H-B-I-A-solar+p2-ldemIheatIp400_2050.nc,main_runs/postnetworks/elec_s370_37m_lv1.2__Co2L0-2H-T-H-B-I-A-solar+p2-ldemIheatIp350_2050.nc,main_runs/postnetworks/elec_s370_37m_lv1.2__Co2L0-2H-T-H-B-I-A-solar+p2-ldemIheatIp300_2050.nc,main_runs/postnetworks/elec_s370_37m_lv1.2__Co2L0-2H-T-H-B-I-A-solar+p2-ldemIheatIp250-lowtol_2050.nc,main_runs/postnetworks/elec_s370_37m_lv1.2__Co2L0-2H-T-H-B-I-A-solar+p2-ldemIheatIp200_2050.nc,main_runs/postnetworks/elec_s370_37m_lv1.2__Co2L0-2H-T-H-B-I-A-solar+p2-ldemItranIp1000_2050.nc,main_runs/postnetworks/elec_s370_37m_lv1.2__Co2L0-2H-T-H-B-I-A-solar+p2-ldemItranIp950_2050.nc,main_runs/postnetworks/elec_s370_37m_lv1.2__Co2L0-2H-T-H-B-I-A-solar+p2-ldemItranIp850_2050.nc,main_runs/postnetworks/elec_s370_37m_lv1.2__Co2L0-2H-T-H-B-I-A-solar+p2-ldemItranIp800_2050.nc,main_runs/postnetworks/elec_s370_37m_lv1.2__Co2L0-2H-T-H-B-I-A-solar+p2-ldemItranIp750_2050.nc,main_runs/postnetworks/elec_s370_37m_lv1.2__Co2L0-2H-T-H-B-I-A-solar+p2-ldemItranIp700_2050.nc,main_runs/postnetworks/elec_s370_37m_lv1.2__Co2L0-2H-T-H-B-I-A-solar+p2-ldemItranIp650_2050.nc,main_runs/postnetworks/elec_s370_37m_lv1.2__Co2L0-2H-T-H-B-I-A-solar+p2-ldemItranIp600_2050.nc,main_runs/postnetworks/elec_s370_37m_lv1.2__Co2L0-2H-T-H-B-I-A-solar+p2-ldemItranIp550_2050.nc,main_runs/postnetworks/elec_s370_37m_lv1.2__Co2L0-2H-T-H-B-I-A-solar+p2-ldemItranIp500_2050.nc,main_runs/postnetworks/elec_s370_37m_lv1.2__Co2L0-2H-T-H-B-I-A-solar+p2-ldemItranIp450_2050.nc,main_runs/postnetworks/elec_s370_37m_lv1.2__Co2L0-2H-T-H-B-I-A-solar+p2-ldemItranIp400_2050.nc,main_runs/postnetworks/elec_s370_37m_lv1.2__Co2L0-2H-T-H-B-I-A-solar+p2-ldemItranIp350_2050.nc,main_runs/postnetworks/elec_s370_37m_lv1.2__Co2L0-2H-T-H-B-I-A-solar+p2-ldemItranIp300_2050.nc,main_runs/postnetworks/elec_s370_37m_lv1.2__Co2L0-2H-T-H-B-I-A-solar+p2-ldemItranIp250_2050.nc,main_runs/postnetworks/elec_s370_37m_lv1.2__Co2L0-2H-T-H-B-I-A-solar+p2-ldemItranIp200_2050.nc
BEV charger,2947072.2934798845,2947072.2934798845,2947072.2934798845,2947072.2934798845,2947072.2934798845,2947072.2934798845,2947072.2934798845,2947072.2934798845,2947072.2934798845,2947072.2934798845,2947072.2934798845,2947072.2934798845,2947072.2934798845,2947072.2934798845,2947072.2934798845,2947072.2934798845,2947072.2934798845,2947072.2934798845,2947072.2934798845,2947072.2934798845,2947072.2934798845,2947072.2934798845,2947072.2934798845,2947072.2934798845,2947072.2934798845,2947072.2934798845,2947072.2934798845,2947072.2934798845,2947072.2934798845,2947072.2934798845,2947072.2934798845,2947072.2934798845,2947072.2934798845,2947072.2934798845,2947072.2934798845,2947072.2934798845,2947072.2934798845,2947072.2934798845,2947072.2934798845,2947072.2934798845,2947072.2934798845,2947072.2934798845,2947072.2934798845,2947072.2934798845,2947072.2934798845,2947072.2934798845,2947072.2934798845,2947072.2934798845,2947072.2934798845,2947072.2934798845
CO2-price,-490.77343053594177,-490.538377220697,-490.50389514938325,-490.3947000385434,-490.36034387178063,-490.3693448084738,-490.23597958726936,-490.098344553205,-489.90379039278247,-489.77118078694866,-489.7786266976099,-489.21503788543055,-488.7130145209406,-488.16496138256247,-487.37133718659544,-485.4425007336268,-483.07793523466114,-478.6469938644042,-490.56779516898973,-490.49664673173777,-490.42927468784785,-490.47430245480314,-490.4344894914546,-490.36874380650005,-490.3594028721071,-490.3668164444772,-490.30658990557885,-490.345742824201,-490.3095938418503,-490.0494886358268,-489.81278592953043,-488.8424261441747,-486.77593354901944,-481.03861601982976,-490.51460467472793,-490.51774335854554,-490.39153712254483,-490.3493235927041,-490.3635228085299,-490.2710310420645,-490.1358025615746,-490.04268437481653,-489.9644601309053,-489.54238731470656,-488.9482244286716,-488.49250058065815,-487.94790370964535,-486.3865692311247,-484.290154484098,-480.2476473146052
CO2-sequestered,-100000000.00008494,-99999999.99999629,-100000000.00000009,-100000000.00000003,-99999999.99999635,-100000000.00000007,-100000000.00177416,-100000000.0,-100000000.00068256,-100000000.00133693,-99999999.99591312,-100000000.00220564,-100000000.00000015,-99999999.99999662,-100000000.00000003,-99999999.99999082,-100000000.00000018,-99999999.9906381,-100000000.00008401,-100000000.00000015,-99999999.99999942,-100000000.0000425,-99999999.99626607,-100000000.00003114,-100000000.00000083,-100000000.0001021,-100000000.01155733,-100000000.00001861,-99999999.99999729,-100000000.00000854,-100000000.00000118,-100000000.00002985,-99999999.99675062,-100000000.00000215,-100000000.00014496,-100000000.0000045,-100000000.00000149,-100000000.00001502,-100000000.00000253,-100000000.00009866,-100000000.0000017,-100000000.00474787,-100000000.00000617,-100000000.0001933,-99999999.9999992,-100000000.00003979,-100000000.0000006,-100000000.00003555,-100000000.0000019,-100000000.00000444
DAC,2729.527124292226,2687.3836040588044,2677.641273413498,2643.1200050496204,2612.538822740683,2594.600612672166,2573.22909403512,2546.293750938815,2530.5674926257975,2508.9139914983857,2506.2747791484503,2481.6223282488772,2422.851496914265,2337.25686769758,2193.108563477991,1885.4220964202123,1314.9759954745746,501.87233781063367,2682.299658406,2670.53558206568,2647.5550752590507,2637.4169600189407,2632.5382112306174,2621.525661298988,2609.8585352398063,2604.093437642465,2589.670987850696,2580.404861999398,2556.775044484082,2517.965396729862,2481.0818706435607,2357.216132708309,1923.5753536621141,1170.1097706473347,2698.4650496443433,2680.9489682983567,2639.1249371859813,2615.526133959906,2602.2692188863307,2579.2874871984723,2563.2530884664197,2545.649077503685,2519.7967598942187,2494.055457605936,2450.604956661435,2378.71592292729,2270.2866258123026,2020.0413352180626,1443.5074228444778,716.0140098835125
DC,119967.18390711617,120285.53390344833,120431.34571016327,120851.90784400908,120669.57221276515,120689.91268278642,121236.34808448722,121561.4491077824,121471.18639452475,121590.7879971401,121596.5910218225,121746.98419368645,121637.57520739704,120969.79875737753,119569.79339951403,118480.90986875116,118291.60696357896,119852.90522255888,120468.53438662956,120445.19977300808,120609.53589939204,120785.73030908869,120985.38866413262,121210.47277969235,121550.66506869432,121753.90268906522,121967.84195135112,122107.62890316034,122337.87089789944,122301.42351982534,122129.86202828992,122338.4064421271,121707.13560333416,119926.04324417115,120534.2652670504,120591.91893533868,120308.0615614114,120394.36145382671,120419.25039161458,120862.74804720159,121382.86526014721,121554.33728210654,121699.78505843533,121721.99935088899,121825.86452999242,121389.16087133465,120712.8407280516,118949.77432044655,117986.01542762943,118794.78408825512
Fischer-Tropsch,174628.91183121092,174268.58746536367,174209.28288694067,173969.30122237068,173709.85737724788,173572.26825877037,173340.99965444635,173040.05736566655,172865.10515078655,172590.79872892142,172575.30741935127,172377.08756203062,171908.0820350648,171137.32487695772,169764.41648969884,167036.67658863045,161730.8319466444,154686.30944754725,174215.87356849026,174099.95754772192,173916.21742627444,173848.1468178353,173785.5316908036,173639.3669768063,173492.47137108207,173424.0993202634,173300.0048910289,173177.99323137992,172940.6964236042,172578.81715458527,172120.95933290766,170908.6832851383,166839.7422279884,160278.87156244632,174354.3820844765,174247.3415027593,173932.3347987983,173757.88967811695,173640.02676781098,173411.7996910537,173193.24422623016,172936.2372793144,172702.34874016952,172452.1245078883,172105.15496016096,171471.95460152163,170426.28719181276,168188.47599094544,163012.07344257543,156563.74698933997
H2 Electrolysis,539646.1268574345,539021.729647673,538945.6162666169,538536.3741093025,538164.716135372,538048.6805515279,537597.4925584355,537051.932736608,536772.2122622851,536312.7038552817,536320.0252347083,535819.834088859,534940.5327996302,533646.7600558236,531123.9530428742,525915.5100517889,516583.09968288697,504643.15605256875,538889.9548128771,538678.6924069935,538616.0205432632,538614.3076315429,538619.4962169976,538572.9916673222,538422.0615310806,538381.7150012384,538119.5177784433,537976.646526158,537650.1690292553,537225.5545053455,536631.1662209738,534578.3855765588,527879.9035536619,516883.0433960415,538957.1871909739,538855.4752792501,538377.8597785233,538075.1393377923,538024.5746179346,537649.2780413384,537212.1662691067,536853.9717794142,536506.2438723953,535983.6017948041,535305.3552359802,534310.3206902379,532330.5803463323,528168.6443948074,518953.33580563957,507944.28264804004
H2 Fuel Cell,0.01951628054800272,0.005648226194810692,4.3555795007313065e-09,1.2914364493144354e-10,0.003288599465572051,1.1597559233651201e-05,0.0011476786218816352,7.037569139887538e-10,5.157991939468354e-05,1.6940627713584657,0.0008660224686582373,0.0007853318757598186,1.6736838407396614e-08,0.004328861511407156,1.125656927879349e-10,0.006131178221171303,3.4025305706032246e-05,0.0009220972590680993,0.028762802371022793,5.696093989223713e-05,0.000489356023539476,0.016828875188557527,0.0014651271253466873,0.0235717210868475,0.0003690610463686771,0.036718294477960746,0.0011681073837729763,0.0082508811550338,4.165717178023753e-05,0.007613472365885117,0.00020422442953460868,0.02047014316877807,0.0007627120410454982,0.003661103484227732,0.03025441033613675,0.0006162510914702945,0.0004245984676919911,0.006833293869575488,0.0005661303854979028,0.015266209393228177,0.0004378890214493287,2.076704456423337,0.0006482072146283074,0.04960080718261468,0.0002558025236683735,0.0172454576324155,0.0001456681372975062,0.017581923714217948,0.00023778721947375603,0.012504307544771229
OCGT,83119.28335492767,53563.80356804152,44270.33800703984,19015.92877024573,2618.2993718336643,1714.308743257073,1641.0300246589966,939.8255719084655,0.002134952992366538,14.904485954180378,0.009837232644423604,0.006260959820611171,1.2300984803157047e-07,0.027151868019668325,5.539488275365152e-10,0.024101340576475533,0.00013903507772334363,0.004760925540661878,44211.91116991306,34613.52748879892,19434.596578931225,13217.431175077594,7566.737282619401,5028.014938549317,4145.378401761869,1820.8926855965694,1711.9614215335453,1370.02466531706,966.7384410425655,31.657083392764285,15.986121758599749,207.42691452895232,149.24883721166472,92.64888141893461,54920.335044320964,43457.10022996922,13408.009777871375,1710.2117754423448,1722.8370506109893,1653.8014774325095,970.8652094595825,60.73118511759966,0.007658376056045604,0.39195345573319146,0.001854343690248315,0.09512264504307828,0.0007250568288014128,0.06847211149755471,0.0009446338223489645,0.04582245505366015
PHS,54841.073,54841.073,54841.073,54841.073,54841.073,54841.073,54841.073,54841.073,54841.073,54841.073,54841.073,54841.073,54841.073,54841.073,54841.073,54841.073,54841.073,54841.073,54841.073,54841.073,54841.073,54841.073,54841.073,54841.073,54841.073,54841.073,54841.073,54841.073,54841.073,54841.073,54841.073,54841.073,54841.073,54841.073,54841.073,54841.073,54841.073,54841.073,54841.073,54841.073,54841.073,54841.073,54841.073,54841.073,54841.073,54841.073,54841.073,54841.073,54841.073,54841.073
SMR,10812.377591357983,11011.893810051404,11016.911055173307,11045.613770663474,11025.090058332149,10769.595784843541,10692.43143674502,10477.624282089608,10288.617371640019,10209.999445136,10214.6022856957,10096.100828625515,9922.059989859128,9769.367652740375,9658.466884066955,9537.344756108041,9037.300056583668,2933.6797766388877,10672.070537078727,10738.53158344104,10627.459134934998,10541.130009277482,10530.818161217916,10555.212205642374,10378.303219127003,10303.373442848857,10181.439264798195,10165.145137279655,9785.464451541819,9189.302748109603,8840.998296946418,8678.859739971775,8150.099065052116,6540.979244119835,11015.555580769611,10912.48948362329,10911.908930752239,10931.096641494825,10870.811193064457,10645.871575212255,10507.371489076359,10331.529152249645,10219.756637113385,10057.339329339167,9921.141938376568,9735.186171580914,9600.35589594692,9381.162527848124,8599.496288824848,3325.8277916558877
SMR CC,16606.22061592293,16613.124455355988,16596.625408621938,16605.282040411246,16622.082319941528,16685.16859216836,16713.881432537826,16722.878978133736,16772.399025918214,16795.715528161738,16790.875562690933,16852.72420428264,16856.527152015064,16896.362299689383,16843.181052458,16717.32432800392,16436.3265493068,15141.901403304777,16631.103523368038,16666.95428594309,16687.576580236266,16670.270973408584,16725.775990554233,16717.15444768813,16749.284456335306,16761.678399344637,16787.92049575631,16841.795894550713,16909.49506369212,16997.615777629926,17206.88653439382,17223.711030331768,17120.36744636084,16559.01449066326,16593.745740114493,16582.916697493893,16655.061672719603,16664.30814267273,16676.428862721044,16673.867805739494,16737.98504827617,16771.413019712665,16824.77345844133,16794.322080574548,16822.401171989553,16945.13803017435,16864.41392025722,16798.38703718633,16495.55033782427,15304.205165613883
Sabatier,0.019283254536921025,0.004756767730139109,4.074265050822039e-09,1.207353921653209e-10,0.0040966793508822276,1.37157031397443e-05,1.0063160193265525e-05,5.662325611796839e-10,6.96706130114654e-07,3.303579285093829,1.6231634056164236e-05,1.1622896363583569e-05,1.4979687792551522e-08,0.0037183138026836374,1.132333357503438e-10,0.007415895026812282,3.619103719982319e-05,9.850822381415388e-06,0.038813351594036524,4.717038599568553e-05,0.000540112260058469,0.017510785529050367,1.1908539115765104e-05,0.03145531345775729,0.00040408924403212843,0.043867482126928786,2.9619891326741895e-05,0.008109704731270422,3.841080472396091e-05,0.008160429574686162,0.00028733689354263703,0.034484713201491886,9.219140877300071e-06,0.004328096760933437,0.033649527516302756,0.00040388309941730675,0.0003023529885436971,0.005896524866227652,0.0003804479653273337,0.0177597207222187,0.0003072355700033663,2.895399329664729,0.00048754563867649703,0.048745344222441436,0.00024388329419544548,0.018431649074131907,0.00013731714719063124,0.02440131674074117,0.00027936985641657857,0.020418657820302704
Total-cost,774.2129873290426,774.0462446097599,774.1038947005823,773.888081243497,773.9800047611534,774.0137571946075,772.8696907336874,773.6832970272259,772.3790616572899,788.0741688080092,772.0703746429547,771.7223334803059,772.495602818451,771.3437683913296,770.8941552933327,769.8107762699924,767.2036246031385,762.121835295664,773.8659566948131,773.9402897156888,773.6175520065481,773.4884804676881,772.8613946815913,773.143735570755,772.8143880529522,772.6129658260198,771.954207310912,772.1432234470301,771.8456966005381,771.3441629632949,770.7130685801628,769.7712526222072,767.7616435466639,764.6244609771295,774.0011855389947,773.9183801342026,773.8436442187925,773.6980633044755,773.374370039171,773.4639638515996,773.0138385476873,772.9764273129498,772.4174821335677,772.1356842407055,771.7012215920739,771.3757617616194,770.6265423127811,769.616166344536,767.4720891003207,763.5021356296902
V2G,2947072.2934798845,2947072.2934798845,2947072.2934798845,2947072.2934798845,2947072.2934798845,2947072.2934798845,2947072.2934798845,2947072.2934798845,2947072.2934798845,2947072.2934798845,2947072.2934798845,2947072.2934798845,2947072.2934798845,2947072.2934798845,2947072.2934798845,2947072.2934798845,2947072.2934798845,2947072.2934798845,2947072.2934798845,2947072.2934798845,2947072.2934798845,2947072.2934798845,2947072.2934798845,2947072.2934798845,2947072.2934798845,2947072.2934798845,2947072.2934798845,2947072.2934798845,2947072.2934798845,2947072.2934798845,2947072.2934798845,2947072.2934798845,2947072.2934798845,2947072.2934798845,2947072.2934798845,2947072.2934798845,2947072.2934798845,2947072.2934798845,2947072.2934798845,2947072.2934798845,2947072.2934798845,2947072.2934798845,2947072.2934798845,2947072.2934798845,2947072.2934798845,2947072.2934798845,2947072.2934798845,2947072.2934798845,2947072.2934798845,2947072.2934798845
agriculture machinery oil,10497.4323596,10497.4323596,10497.4323596,10497.4323596,10497.4323596,10497.4323596,10497.4323596,10497.4323596,10497.4323596,10497.4323596,10497.4323596,10497.4323596,10497.4323596,10497.4323596,10497.4323596,10497.4323596,10497.4323596,10497.4323596,10497.4323596,10497.4323596,10497.4323596,10497.4323596,10497.4323596,10497.4323596,10497.4323596,10497.4323596,10497.4323596,10497.4323596,10497.4323596,10497.4323596,10497.4323596,10497.4323596,10497.4323596,10497.4323596,10497.4323596,10497.4323596,10497.4323596,10497.4323596,10497.4323596,10497.4323596,10497.4323596,10497.4323596,10497.4323596,10497.4323596,10497.4323596,10497.4323596,10497.4323596,10497.4323596,10497.4323596,10497.4323596
battery charger,146551.75982546044,145064.8310169102,144942.81846615905,145124.380422527,145159.81618944576,145460.22151998605,145590.0970230926,145893.12688797183,146262.17717634127,146488.6931859399,146379.24983654296,146270.89044950047,145904.50814990397,145572.87093286158,144406.51905163395,143223.74165311217,138122.85056092837,127729.86773148514,146259.77032895468,146031.55556990916,146009.95515520507,146291.6922396003,146507.99138321533,146608.57903701204,146619.02925110812,146671.51917025758,147186.2339482501,147937.98593489203,148409.8653281465,149132.4971934793,149723.03879982312,149382.6105992027,148043.40815735824,147560.49827875895,145167.55290019768,145077.5998885387,145185.43018733978,145225.33054748864,145469.08285166218,145761.16665317476,146182.22026845804,146736.1201201215,146808.15554168678,146299.79229725126,146337.11362449653,146383.44456070897,145886.34466458875,145370.90277310638,141785.8478188254,136001.1065984976
battery discharger,149573.76353307857,148056.17317274786,147931.64463459962,148116.9505303509,148153.11700851555,148459.7169151139,148592.27054540487,148901.5491061461,149278.20947945124,149509.39641365464,149397.69626291978,149287.10242663024,148913.1650579639,148574.68924068444,147384.28633670788,146177.119209343,140971.0440387756,130363.75035642147,149275.75300112378,149042.83228802634,149020.78645708572,149308.33316474734,149529.09255377145,149631.7543980322,149642.42010313144,149695.99240252987,150221.32097300986,150988.5746315085,151470.1845205118,152207.71757965407,152810.43658274837,152462.9885054258,151096.1707367554,150603.30290578955,148161.0132558613,148069.20534778162,148179.25918564602,148219.9823201952,148468.76097388394,148766.86775548325,149196.60380206595,149761.92547089056,149835.4463151578,149316.600251469,149354.6911715833,149401.97748534413,148894.62702839187,148368.5563508139,144709.57496005233,138805.54817511406
biogas to gas,39447.27196759238,39447.26613472497,39447.26384998586,39447.26384998417,39447.26522298033,39447.263854617115,39447.2641807796,39447.263849984396,39447.26386619378,39448.06566494604,39447.264080764675,39447.264038406945,39447.26384999095,39447.26565202963,39447.26384998416,39447.26631321542,39447.26386377428,39447.263987229366,39447.2758328987,39447.26387282452,39447.264038596324,39447.2707021677,39447.26415925612,39447.27269205371,39447.26398927876,39447.27806799494,39447.2641491246,39447.2671426112,39447.263866374975,39447.26682667202,39447.26392277634,39447.27060816813,39447.26406667129,39447.26528310587,39447.27661655308,39447.2641135007,39447.264027616875,39447.266797512,39447.2640975344,39447.269807133474,39447.264031835904,39448.14581262848,39447.26412399608,39447.28528526618,39447.26395114926,39447.2710462511,39447.26391091872,39447.270888342646,39447.263948518805,39447.268628913764
co2 sequestered,64375.23106629354,63819.9209588238,64138.665779333125,63844.48805323904,63684.29946953165,64770.270278055315,65689.15132701444,63634.06709786694,66693.66203416135,65418.3113146967,65908.06593552399,68436.0366277689,63853.678021188,63716.79569203112,63844.05290063001,63962.11174385254,64133.85781181139,71617.3585769997,64231.82709232115,63630.1511792191,64277.52986770025,63965.2342683491,64114.701821100636,64698.85195227417,64270.242144254764,64513.774587123655,77233.87832675526,63993.81407616947,64447.3299290768,64251.07866580231,64162.7556071615,64261.16633199552,68278.64096427886,64210.600056751195,63869.85167283758,64303.4111792457,64487.71680401392,63973.61184812332,64793.49584931102,64126.052841501936,64432.70989489524,64053.92662384974,64606.491156590324,64839.648713274844,64338.52739938885,64783.44712803346,64523.23011048351,63964.027557180656,64255.01773313099,64293.25987154857
electricity distribution grid,2006674.1337434489,2002885.210189155,2002056.229334203,2003783.1653332443,2004317.182662987,2005408.989410169,2006361.7137827214,2009207.9744516325,2009751.9543236454,2011517.2975656814,2011958.0881965568,2014109.4167014232,2016441.9181521041,2019145.8312611738,2026957.7473290612,2034336.9811552446,2035526.0598740424,2003162.427694592,2004691.2934467385,2004253.2231388937,2004374.3491163326,2005321.4305323982,2005374.4635297982,2006223.532189914,2007506.066139229,2007747.3868553953,2008566.4840790865,2010168.8046207735,2012334.757123532,2013789.515203309,2014542.129650045,2015028.88890282,2013767.696267893,1991790.3456624805,2002312.344461567,2002910.7804480307,2003480.9511028822,2004360.2591785523,2004577.8000057258,2005781.5748482086,2008024.64807931,2009190.7178568004,2010921.9665414917,2013008.5947713903,2015199.7383720102,2018234.2538515106,2022600.8347951968,2028933.3222765268,2027740.676989959,1991771.7689466747
gas,1509192.1700411774,1509192.1700411774,1509192.1700411774,1509192.1700411774,1509192.1700411774,1509192.1700411774,1509192.1700411774,1509192.1700411774,1509192.1700411774,1509192.1700411774,1509192.1700411774,1509192.1700411774,1509192.1700411774,1509192.1700411774,1509192.1700411774,1509192.1700411774,1509192.1700411774,1509192.1700411774,1509192.1700411774,1509192.1700411774,1509192.1700411774,1509192.1700411774,1509192.1700411774,1509192.1700411774,1509192.1700411774,1509192.1700411774,1509192.1700411774,1509192.1700411774,1509192.1700411774,1509192.1700411774,1509192.1700411774,1509192.1700411774,1509192.1700411774,1509192.1700411774,1509192.1700411774,1509192.1700411774,1509192.1700411774,1509192.1700411774,1509192.1700411774,1509192.1700411774,1509192.1700411774,1509192.1700411774,1509192.1700411774,1509192.1700411774,1509192.1700411774,1509192.1700411774,1509192.1700411774,1509192.1700411774,1509192.1700411774,1509192.1700411774
gas for industry,0.026987631019798286,0.006860389503261288,6.279073261339363e-09,1.7195844748130185e-10,0.006155482573081628,2.2211003487981884e-05,0.001786258476332847,8.533707074320773e-10,8.446184092747444e-05,3.384109992265328,0.0014121255875760852,0.0012906527642400079,2.353364081386644e-08,0.005625250875080923,1.6753709530803462e-10,0.018910278527458857,0.0001220731058353408,0.0017881307265721347,0.040336310796957875,6.910171942564602e-05,0.0008892150280228606,0.02509092347057873,0.001764430857500443,0.04991066968609381,0.0006753710973814719,0.05639046053105723,0.0018407104874658131,0.011393568566376189,6.41246122032868e-05,0.014689739613887198,0.0004068147672597888,0.04805362804145652,0.0013156698837768488,0.01126392257759079,0.043671491083395964,0.0008193135464686918,0.0006449292229984138,0.01021392373732155,0.0007355194197042891,0.026453060937747352,0.0006463995132843792,3.737297816858856,0.0008943242753840508,0.05429277535983168,0.00047487715554694887,0.024532322360530046,0.00026662768427243577,0.03458207840248839,0.000492651548274381,0.042686497829205194
gas for industry CC,30143.33315400802,30143.330188061926,30143.328259768572,30143.328259768045,30143.327432273414,30143.328255790562,30143.328191712964,30143.328259768256,30143.32826031728,30142.886644765058,30143.3282385725,30143.328177228963,30143.328259771708,30143.329732429727,30143.328259768023,30143.32074161199,30143.328206392725,30143.32779664978,30143.334244953294,30143.328279237187,30143.328150303787,30143.33098059748,30143.328343416684,30143.316306951303,30143.328172123292,30143.331197491814,30143.32776946383,30143.330094678546,30143.328261953124,30143.326334661462,30143.328166790783,30143.311288262485,30143.3280364726,30143.324423949052,30143.333884823434,30143.328457922733,30143.32831443892,30143.32951971989,30143.32847696958,30143.326277522472,30143.328345388392,30143.148133045797,30143.32844871821,30143.35620482237,30143.328220805968,30143.33253051866,30143.328250469047,30143.324045977228,30143.328194808833,30143.310464024944
gas pipeline,228593.85295883755,228577.30696473032,228571.7289801621,228517.80486830525,228478.13850239277,228450.40995008507,228444.1378007756,228449.935776273,228461.16370920266,228905.75670486013,228412.00771819364,228490.20828861618,228551.2316245021,228487.21485242818,228358.46422695756,228282.74467435642,228281.13142803012,228354.25303874875,228580.71553285565,228540.12846457094,228501.0787957891,228476.2036648425,228465.46939165142,228448.8429567546,228434.12188623485,228436.95589002024,228450.32038910387,228425.8717587101,228451.732882029,228445.92589487068,228415.92031268816,228374.68216238962,228295.90156855178,228264.315610691,228571.18601807518,228566.4372912,228489.9136724876,228473.07104662052,228499.64389910147,228466.9141647554,228424.84170861525,228896.25238430692,228410.97661165814,228448.11230330978,228524.2906257212,228514.45330946002,228389.65052695762,228292.09200728594,228288.01602502746,228296.9334979102
gas pipeline new,2191.39551894841,2076.152932729125,2101.78212971731,2119.1920255318355,2198.1137142738257,2115.382842459978,2120.2377395546955,2122.9995545498277,2173.666210344596,1704.9569845057222,2147.921333061165,1786.3440945875168,1839.9030490534499,1897.6096886052565,1966.490517808391,2104.5095331289604,1910.0411226799163,983.6907763024834,2239.7605478278683,2261.3956694600183,2333.6315462531306,2252.3976898603123,2242.553930608702,2321.2032125167802,2292.759977709157,2209.271779069913,2129.686115355232,2091.7292566171495,1973.3962950829496,1832.2226783285905,1813.500876121104,1767.1612062441725,1688.6993490860432,1243.336503428249,2157.769517899198,2287.729732509646,2282.3617561724495,2136.990731949824,2179.6636599098633,2152.2795997259323,2101.778164220186,2115.675602694071,1984.0063598016857,1954.7019412334246,1792.2805456999781,1894.2944500942442,1874.31843030236,1999.1345120588614,2027.1263455015721,1273.1975314456963
home battery charger,0.15028555568132304,0.048662757563068926,3.730924943435942e-08,1.1141016278569944e-09,0.02924963233466947,9.856393685533718e-05,0.008376772653330408,6.1267253972195475e-09,0.0003631925058855284,14.208529673992741,0.007282376676137728,0.006222978623124146,1.448549992745986e-07,0.038117624058338295,9.617580233750775e-10,0.05049088311799441,0.0002907903325500416,0.009263856772985045,0.2311883388287627,0.00048628561641174395,0.004024386703667366,0.12810436829200833,0.011725038506019237,0.19106718086838037,0.0030029283646401056,0.2840047194737632,0.009430156185980487,0.06758975740749489,0.0003556609612850979,0.062491250001233775,0.0017376908067065087,0.17235822145808274,0.006229036228955894,0.031370747425044004,0.23581985553866358,0.004538245941080456,0.0032340091019256584,0.05401840028158324,0.004126255173915159,0.12126529808689641,0.0033173490205549534,16.394370599092817,0.004853737696263292,0.3820753238381493,0.002080935989462043,0.14190491873803,0.0011919311105076343,0.15012474303219164,0.002052103812590515,0.11639032092457008
home battery discharger,0.15338455297082204,0.04966621896096452,3.807859325017825e-08,1.137075212439377e-09,0.029852780993321622,0.00010059639680647671,0.008549507788318809,6.253062923892762e-09,0.0003706817990927363,14.501519873535528,0.0074325445713698994,0.00635130096121075,1.4784201454753843e-07,0.038903637145912835,9.815901722072203e-10,0.05153204179234412,0.00029678664036751395,0.009454884226685676,0.23595561025512204,0.0004963131789432882,0.004107372479845395,0.13074597339044997,0.011966817314266612,0.195007124883219,0.0030648509281252664,0.2898611030221623,0.009624612854337057,0.06898350728621162,0.00036299494857353895,0.06377986495490157,0.001773523252982249,0.17591237314418418,0.006357483479273539,0.03201763501712849,0.240682632202803,0.004631827867877936,0.003300696718015221,0.055132298921387796,0.004211341551922499,0.12376587659144982,0.0033857551662847623,16.732434425781285,0.004953825292150117,0.38995399446348616,0.002123846400657104,0.14483110120807546,0.0012165095955389256,0.15322042424808985,0.0020944196833617133,0.1187903738600232
hydro,100405.6181905376,100405.6181905376,100405.6181905376,100405.6181905376,100405.6181905376,100405.6181905376,100405.6181905376,100405.6181905376,100405.6181905376,100405.6181905376,100405.6181905376,100405.6181905376,100405.6181905376,100405.6181905376,100405.6181905376,100405.6181905376,100405.6181905376,100405.6181905376,100405.6181905376,100405.6181905376,100405.6181905376,100405.6181905376,100405.6181905376,100405.6181905376,100405.6181905376,100405.6181905376,100405.6181905376,100405.6181905376,100405.6181905376,100405.6181905376,100405.6181905376,100405.6181905376,100405.6181905376,100405.6181905376,100405.6181905376,100405.6181905376,100405.6181905376,100405.6181905376,100405.6181905376,100405.6181905376,100405.6181905376,100405.6181905376,100405.6181905376,100405.6181905376,100405.6181905376,100405.6181905376,100405.6181905376,100405.6181905376,100405.6181905376,100405.6181905376
industry methanol,1011.41552511375,1011.41552511375,1011.41552511375,1011.41552511375,1011.41552511375,1011.41552511375,1011.41552511375,1011.41552511375,1011.41552511375,1011.41552511375,1011.41552511375,1011.41552511375,1011.41552511375,1011.41552511375,1011.41552511375,1011.41552511375,1011.41552511375,1011.41552511375,1011.41552511375,1011.41552511375,1011.41552511375,1011.41552511375,1011.41552511375,1011.41552511375,1011.41552511375,1011.41552511375,1011.41552511375,1011.41552511375,1011.41552511375,1011.41552511375,1011.41552511375,1011.41552511375,1011.41552511375,1011.41552511375,1011.41552511375,1011.41552511375,1011.41552511375,1011.41552511375,1011.41552511375,1011.41552511375,1011.41552511375,1011.41552511375,1011.41552511375,1011.41552511375,1011.41552511375,1011.41552511375,1011.41552511375,1011.41552511375,1011.41552511375,1011.41552511375
kerosene for aviation,83871.6213551,83871.6213551,83871.6213551,83871.6213551,83871.6213551,83871.6213551,83871.6213551,83871.6213551,83871.6213551,83871.6213551,83871.6213551,83871.6213551,83871.6213551,83871.6213551,83871.6213551,83871.6213551,83871.6213551,83871.6213551,83871.6213551,83871.6213551,83871.6213551,83871.6213551,83871.6213551,83871.6213551,83871.6213551,83871.6213551,83871.6213551,83871.6213551,83871.6213551,83871.6213551,83871.6213551,83871.6213551,83871.6213551,83871.6213551,83871.6213551,83871.6213551,83871.6213551,83871.6213551,83871.6213551,83871.6213551,83871.6213551,83871.6213551,83871.6213551,83871.6213551,83871.6213551,83871.6213551,83871.6213551,83871.6213551,83871.6213551,83871.6213551
methanolisation,85746.49341047385,85880.59365261572,85873.3441402185,85894.91966911215,85899.61791839136,85895.2929044175,85912.45198739693,85925.50315599504,85930.4138629473,85952.15015431929,85945.00833100417,85936.41223144774,85892.36695258178,85990.3637422455,86190.00635153311,86333.07642296443,86682.28271619137,87233.82503936843,85818.27576767861,85850.3452306461,85869.10721717154,85837.73240235056,85846.14743502106,85868.71184331883,85908.1613100077,85917.73062708587,85910.9197760589,85953.77042794392,85951.93978991141,86018.14606026749,86202.92317706479,86402.38058524638,86810.87464089118,87432.06697321456,85856.76153686279,85862.79337668903,85893.60436023428,85866.71569907771,85865.3135093887,85877.58845948847,85917.18668374565,85939.9156425763,85955.73887828512,85961.81649820266,85958.26534688991,86020.84159236154,86168.93547211826,86374.77651333385,86648.60657431069,87239.52458488422
naphtha for industry,35541.0958904,35541.0958904,35541.0958904,35541.0958904,35541.0958904,35541.0958904,35541.0958904,35541.0958904,35541.0958904,35541.0958904,35541.0958904,35541.0958904,35541.0958904,35541.0958904,35541.0958904,35541.0958904,35541.0958904,35541.0958904,35541.0958904,35541.0958904,35541.0958904,35541.0958904,35541.0958904,35541.0958904,35541.0958904,35541.0958904,35541.0958904,35541.0958904,35541.0958904,35541.0958904,35541.0958904,35541.0958904,35541.0958904,35541.0958904,35541.0958904,35541.0958904,35541.0958904,35541.0958904,35541.0958904,35541.0958904,35541.0958904,35541.0958904,35541.0958904,35541.0958904,35541.0958904,35541.0958904,35541.0958904,35541.0958904,35541.0958904,35541.0958904
nuclear,108814.09999999999,108814.09999999999,108814.09999999999,108814.09999999999,108814.09999999999,108814.09999999999,108814.09999999999,108814.09999999999,108814.09999999999,108814.09999999999,108814.09999999999,108814.09999999999,108814.09999999999,108814.09999999999,108814.09999999999,108814.09999999999,108814.09999999999,108814.09999999999,108814.09999999999,108814.09999999999,108814.09999999999,108814.09999999999,108814.09999999999,108814.09999999999,108814.09999999999,108814.09999999999,108814.09999999999,108814.09999999999,108814.09999999999,108814.09999999999,108814.09999999999,108814.09999999999,108814.09999999999,108814.09999999999,108814.09999999999,108814.09999999999,108814.09999999999,108814.09999999999,108814.09999999999,108814.09999999999,108814.09999999999,108814.09999999999,108814.09999999999,108814.09999999999,108814.09999999999,108814.09999999999,108814.09999999999,108814.09999999999,108814.09999999999,108814.09999999999
offwind-ac,108718.29737678183,108764.23005515152,109162.02820100971,109696.93655453478,109653.03136329525,109483.97905102014,109292.03858043863,108944.85452751223,107865.2626015361,106235.16014841433,106076.99335053952,106083.762746669,105983.21211027946,105732.92907512344,104322.25898949885,101736.66635776465,101243.59241309582,97639.47621777841,109277.62146189541,109291.39704849345,109909.21531534685,110194.74045468488,110444.94846362786,110192.83411640594,109896.6769478696,109675.05241736773,109593.21012855184,108527.13844545088,107191.69877845928,106560.67746090752,106609.14373746887,106523.0306379986,104979.09891292127,100258.02144827913,108649.27283106113,109436.07548338741,109702.75564972902,109658.2964014212,109624.0848990659,109455.16328204736,109358.57809580718,108370.35484419805,106449.60943438702,106077.24379931977,105904.59031792873,105773.12565157951,105139.5680684925,102399.35750846412,101673.65877089903,97742.22430862676
offwind-dc,138184.82990265207,139692.15395825467,139864.90788125806,139883.55718680017,140172.44451357672,140136.76685992337,139924.28496771,139457.17226173915,139516.99063374577,139526.45478452992,139550.01278275778,139538.90648371764,139751.23054269486,139373.20358973602,138402.51689398533,136051.03269710325,133439.63693841224,132816.08932604195,138981.843265185,139037.71678413043,139051.33833616102,139088.9003915892,139187.15045210932,139441.43226493895,139208.40039487957,139170.9345540142,139008.90809443578,138820.49621878896,138376.2721680961,138139.57958847078,137494.1417479952,136672.95739493042,134859.86136403607,133378.04754258692,139534.8944842323,139635.3664183223,139966.97444057037,140142.23719896653,140362.24525720553,140040.28433477858,139689.43724866683,139418.69542747535,139551.15971437845,139579.68808498987,139713.20335238238,139352.74899692056,138595.3301614916,137487.04969141955,133640.81691305706,132966.86754542383
offwind-float,16472.833983600856,17135.040444946615,16623.833648354794,15283.202895875793,13745.052410939285,12789.247865550436,12789.252188871478,12789.247793464152,12789.247988840169,12799.40161635365,12789.251268535023,12789.250648156896,12789.247793543575,12789.267786447113,12789.24779346155,12789.310674535056,12789.248157596863,12789.250793991487,17387.708450692804,17521.158237556985,15496.135934041746,14278.96266856023,13404.867136031437,12789.411815842348,12789.25001073935,12789.43125305326,12789.252301020908,12789.285339715632,12789.248013674349,12789.295676139514,12789.249169450506,12789.405405001793,12789.250652574521,12789.278597429377,17881.54771182976,16932.76626471596,15377.540087980058,14272.973451571652,12886.20984702843,12789.333453901807,12789.249822325404,12802.554133477252,12789.250633824735,12789.427867779239,12789.249264790356,12789.326931843472,12789.248624265763,12789.359420689607,12789.249319205424,12789.360718603435
oil,22006.25222478284,10919.670656633522,16323.62744427999,16683.356197526668,14008.84282396348,13661.105183198422,26455.20325875098,11471.471852007418,22712.71599837202,10869.669914861992,23706.874892264183,34924.54055285985,16904.35940826002,12700.14667568877,17594.22187400741,20422.99583062234,21749.558376151886,42997.316333678275,22655.004837754062,16887.20394002664,20211.660659079615,24955.952644187815,24266.957881038325,18733.454301773352,19525.04240162978,19267.074354390992,26854.144242073242,18230.11469978908,13546.201714563636,18688.837321071624,25604.8228726533,19996.406318808175,26063.902598036926,25362.939684869496,23204.727145313438,21995.479558074992,22666.829202731056,20477.71872325232,23381.93534771012,22979.129456175127,20643.187088273735,11413.485352859107,25540.86998441771,20089.954973464188,19841.23767350158,22180.34685353228,25849.66012210938,24821.68145030495,27284.445368694338,26801.32673504686
onwind,1624414.942745146,1623093.7188927925,1622591.8752461218,1621930.5556871642,1622080.5695175796,1623327.899852058,1624590.5516772696,1625547.4114962746,1626048.2642206799,1628089.0616910823,1628326.5732092003,1629467.3742618565,1631311.9516564994,1634071.1525045652,1639100.0012917514,1646126.0294223235,1640210.9450535313,1612971.0287158703,1620916.755231568,1620307.9051531905,1621326.9094120548,1623055.385583392,1623768.1133750253,1625190.6299808559,1626603.4493807869,1627004.5615252631,1627976.089598319,1629795.7597233236,1632163.2507838688,1632371.885582144,1632062.5599529385,1632093.9812350343,1630006.8561246067,1614936.4113174998,1623010.1207059617,1622467.5332227664,1621263.8272007075,1621639.2666193987,1622723.7135727832,1623984.0553958497,1624673.4349088152,1625319.9890063293,1627709.7759081863,1630276.7222045725,1631810.4631298105,1633261.2970225178,1636435.490720624,1641638.1864579082,1638468.6169001898,1612862.0171102795
process emissions,2.7729347493732348e-05,1.5036368495202623e-05,1.4551915228366852e-11,3.637978807091713e-12,7.029762855381705e-06,3.089735400862992e-08,1.7773872968973592e-06,3.637978807091713e-12,6.713344191666692e-08,0.0014690999742015265,8.414663170697168e-07,1.3568023859988898e-06,4.547473508864641e-11,1.250925924978219e-05,3.637978807091713e-12,2.3176588001661003e-05,1.1111478670500219e-07,1.2870241334894672e-06,5.934805631113704e-05,1.5492514648940414e-07,1.0703915904741734e-06,2.8036385629093274e-05,1.4999750419519842e-06,4.846210686082486e-05,7.379858288913965e-07,6.362747262755875e-05,1.360278474749066e-06,1.672202233748976e-05,1.0203984857071191e-07,1.5704801626270637e-05,4.918802005704492e-07,5.072837302577682e-05,1.732320015435107e-06,7.935705070849508e-06,5.1375180191826075e-05,6.110640242695808e-07,4.935172910336405e-07,1.1858959624078125e-05,6.071004463592544e-07,3.0392133339773864e-05,5.609363142866641e-07,0.003282683423094568,7.664802978979424e-07,6.164933256513905e-05,4.540797817753628e-07,2.9406284738797694e-05,2.50100129051134e-07,3.457612365309615e-05,5.150795914232731e-07,3.639931128418539e-05
process emissions CC,15679.223868335714,15679.223773445305,15679.22374424127,15679.223744241248,15679.223761551248,15679.223744295448,15679.223751283975,15679.223744241248,15679.223744573053,15679.23439584905,15679.223750303254,15679.223748889439,15679.223744241332,15679.223767016349,15679.223744241248,15679.223768133596,15679.223744395706,15679.223749878793,15679.223902986201,15679.223744532605,15679.223746781186,15679.223848059211,15679.223753260885,15679.223866852035,15679.223746236235,15679.223964265251,15679.223750699019,15679.223792374589,15679.223744460412,15679.223787728843,15679.223745189141,15679.2238318763,15679.223747667264,15679.223763709004,15679.223927155355,15679.223748610662,15679.223747114273,15679.223787264333,15679.223748289458,15679.223829007027,15679.223747207758,15679.236817704663,15679.223748734737,15679.224084905927,15679.223745762458,15679.223851499642,15679.223745152756,15679.223843879476,15679.223745584408,15679.223801023818
ror,46264.57354257102,46264.57354257102,46264.57354257102,46264.57354257102,46264.57354257102,46264.57354257102,46264.57354257102,46264.57354257102,46264.57354257102,46264.57354257102,46264.57354257102,46264.57354257102,46264.57354257102,46264.57354257102,46264.57354257102,46264.57354257102,46264.57354257102,46264.57354257102,46264.57354257102,46264.57354257102,46264.57354257102,46264.57354257102,46264.57354257102,46264.57354257102,46264.57354257102,46264.57354257102,46264.57354257102,46264.57354257102,46264.57354257102,46264.57354257102,46264.57354257102,46264.57354257102,46264.57354257102,46264.57354257102,46264.57354257102,46264.57354257102,46264.57354257102,46264.57354257102,46264.57354257102,46264.57354257102,46264.57354257102,46264.57354257102,46264.57354257102,46264.57354257102,46264.57354257102,46264.57354257102,46264.57354257102,46264.57354257102,46264.57354257102,46264.57354257102
rural air heat pump,0.020033792589878377,0.005839043644298912,4.955804269015163e-09,1.4320825583370781e-10,0.004736393030212617,1.6154534509600783e-05,0.0014014639584176572,7.371704495793208e-10,6.699183307347645e-05,2.695791509570173,0.0011221877666989955,0.0010165168456726225,1.9019174438537255e-08,0.004756515896566664,1.3771671393426904e-10,0.008928876512057404,4.959021774464067e-05,0.0011871470359843526,0.03410630367488088,5.80643841547056e-05,0.0005790928342459065,0.018302075752922586,0.0015090866794731633,0.030429461777780015,0.00045679557431084776,0.04230862815126865,0.0014601881465635858,0.008918899312304848,4.87728733032563e-05,0.009416210888637665,0.0002855280278511459,0.03071842140573572,0.0010395944235054662,0.005903088266047734,0.03161702466473461,0.0006002921178591186,0.0004255839129616212,0.007091487224643794,0.0005256102710580174,0.017072438304521643,0.0004287603337203629,2.3472305244602554,0.0006385586318998911,0.049917779707682276,0.0002818660276597031,0.018742192097675605,0.00016261236251981492,0.021600117036931803,0.0003036699963645694,0.019547387240213827
rural biomass boiler,0.06171307114931687,0.018072311424451017,1.4072657823155025e-08,4.130394899750835e-10,0.010823361231963787,3.747174712544578e-05,0.004976788983029366,2.231326836454802e-09,0.00022881502332564203,5.728836376859952,0.004007828602995931,0.00346808018574552,5.345073887879835e-08,0.013598105362711884,3.501827987581907e-10,0.021663660849039,0.0001285655824328141,0.0028210103773079155,0.0882206220385654,0.0001802371338267075,0.0016439986014019495,0.05380479467895552,0.005237146812954431,0.07945266730490329,0.0011975413774710406,0.11565868690395223,0.004052287612375144,0.024122713302289735,0.0001270756157868833,0.02381725996852797,0.0005912878945759705,0.058047911776561156,0.0022762944572870462,0.009027360872921872,0.09428352754042664,0.0020207650938053718,0.0014017130333239729,0.023095253659656274,0.0018822307359337546,0.04920962310024021,0.0014589713407508296,6.813292442440981,0.002143471625339961,0.15506660916065076,0.0008909036243815123,0.053832849885951085,0.0004936708956001889,0.05420095549953819,0.0007178402555297835,0.040010353331921863
rural gas boiler,29032.36134277567,27105.729013542725,26875.250551287896,26519.651590913407,26194.02637322282,25344.24377305597,24834.624827910415,24304.049139851126,23610.597604368413,22391.876623192213,22306.053552419362,21655.989892432124,20830.10252829119,20083.36308593162,18534.50418726926,15723.268983794793,7858.468808308265,0.007164304276823704,25985.556234529922,25748.35078363505,24806.729463266325,23586.894896040052,22954.136484066963,21689.14095427667,20469.028624350423,19290.749568285355,18557.449402160764,17557.248542785266,16306.817330349912,14919.500457059472,13090.389916265913,10457.916064425317,3899.427374615931,0.015131981793841327,27465.580632230234,27317.792986684526,27143.917651620795,26684.288772612133,25903.922485286705,24964.229614280077,24613.46900450196,23821.257714142368,22958.28971497026,22062.61946497625,21352.275710315953,20467.409011570697,19138.643784963788,16962.685234448723,10504.026237247093,137.6464505628234
rural ground heat pump,72201.2485553135,72291.06610129154,72295.77099818742,72327.73685930535,72338.38950494674,72350.50592733796,72337.04066854669,72326.8966592413,72331.68906746528,72315.57500163003,72318.3243938045,72247.15393714925,72254.25649633537,72251.47197807766,72265.85907895752,72458.17958769719,73097.17530669374,72789.71970824988,72221.57694369258,72236.24810387677,72263.19096081407,72249.59412763176,72238.83190528532,72187.79594531587,72213.58672841107,72206.36657563612,72171.39456022665,72161.32229170026,72165.26193193678,72145.06327669394,72094.69660067036,71994.87149722122,71599.21836599326,69020.64601825237,72299.84113570626,72307.30571601259,72346.92261493434,72363.25758205274,72395.3600263926,72384.44897566215,72352.28207723195,72341.24986159982,72337.31181755992,72283.16108660714,72251.98385288821,72287.44333930977,72307.41352565473,72332.54390388195,72884.92975564115,73255.19419029057
rural resistive heater,98139.25941489483,99696.39006574603,99755.028751537,99992.96306632963,100365.82711147069,101311.27445671613,101814.3928442614,102439.66072613189,103407.78100103507,104939.53013202055,104996.43728428136,105743.62374591258,106176.65201602457,106992.47819906722,108263.57790346189,110722.28941375895,117478.39223729154,126988.44291511002,99085.1262383238,98322.90959617001,96703.31793384018,96197.81447945426,95906.242989424,96558.101237813,97088.55598251721,97633.41131695309,97560.83325535404,96834.89466456597,96138.94930416037,94210.99560401695,91874.94460476098,86759.0963535541,82686.9317133918,72057.11091759974,99225.18741902306,99373.29957883595,99195.07575466887,99400.49760162024,100303.39438173195,101573.39568760332,102115.66733752351,102868.9692306571,103594.55794356218,104797.52591496926,105637.1571475881,106418.10357658927,107477.8192102751,109518.14543951335,115205.72751997647,125299.40946527074
rural solar thermal,0.058229452324615,0.014539986052265324,1.0849314670271545e-08,3.304293873178685e-10,0.007194668998896349,2.762364667678254e-05,0.00020731726166168344,1.8541419802874516e-09,6.929329887627187e-06,4.040523915235575,0.0001436205977235323,4.4238333315779083e-05,4.3784485915896106e-08,0.011593467179603606,2.9962483524700996e-10,0.015912953949530188,8.715599898925139e-05,1.8539085161397343e-05,0.07671616500827248,0.00014809283941512766,0.0012411160379103164,0.04165802834494087,0.00018157741528892877,0.06375015278084945,0.0010485445426849128,0.10641743661338433,0.00015437815529609496,0.023083441375885458,0.00011118900135226657,0.019439653904529834,0.0006209181027855505,0.06795426254983335,9.375060777838768e-05,0.012031287671845824,0.08543591595608646,0.0015023711089109902,0.0011016924147525444,0.01772846345275246,0.0014511743545854324,0.04410395014212436,0.00135905019810226,4.8645459472274855,0.0018563026869716133,0.1438870357691356,0.0007082149113147942,0.046431588572038454,0.00041606905768825373,0.04854028988444427,0.0006475058426970757,0.03739417384223617
rural water tanks charger,254137.3085202686,254540.55138019548,254183.42921023007,252882.73837779954,253523.0163683309,252893.40097405176,252024.77837055267,251773.79984823664,251566.17251173133,247166.50916181318,248676.51095558103,245590.29516106794,246339.57841344885,243925.5021686206,243870.75346815435,238649.39459208422,230364.37066106702,230431.1151385282,251635.07815234747,251544.6985174142,252714.0376915884,251637.93597630275,251121.46243004798,247101.98082353352,244971.34119044628,243870.4361302373,243210.38923631544,241422.6172563163,238031.72917275754,229502.5942735849,224658.26500476917,222615.4331845252,215546.87333082664,208863.66541087723,254232.65348749206,254491.29654875718,254107.5723344005,254164.76509336138,253208.3042490446,252276.65606366313,251889.236203261,249907.8460916094,249763.30659193126,247404.3948487083,246063.56740151413,245992.54270658983,243969.28063582233,239906.41410854293,230749.9596032869,230096.82121271096
rural water tanks discharger,252357.48258917953,248934.8550904549,246646.95297040767,243684.02521642437,243903.0236809796,242532.34782676314,239578.25357355678,238604.4927894715,237592.04910923136,232895.21679340184,232546.35783654684,226796.6676397518,224678.13626400114,221020.39161973368,221028.6152082563,218174.45230417588,212275.85669142118,210843.5957585005,243719.29699466255,243552.90102567637,245068.37860486604,243553.2870727138,241767.79304360395,238001.12515700838,234815.89620511816,230264.11454632715,225312.46017101384,222322.72610980435,216490.62825990428,208494.37746742563,204292.9714251633,202217.72769849197,195689.18418742187,187599.7842428405,249960.46356837597,247928.41320402795,244860.1973298152,245500.3704989349,242284.08888831973,240712.3417266423,239030.97481822458,237491.73645922134,234626.83004404715,228846.9720769876,224926.08772903073,224279.06114101576,222151.69860582196,218790.76185597025,212236.18445026234,211437.7183370438
shipping methanol,57065.59685610215,57065.59685610215,57065.59685610215,57065.59685610215,57065.59685610215,57065.59685610215,57065.59685610215,57065.59685610215,57065.59685610215,57065.59685610215,57065.59685610215,57065.59685610215,57065.59685610215,57065.59685610215,57065.59685610215,57065.59685610215,57065.59685610215,57065.59685610215,57065.59685610215,57065.59685610215,57065.59685610215,57065.59685610215,57065.59685610215,57065.59685610215,57065.59685610215,57065.59685610215,57065.59685610215,57065.59685610215,57065.59685610215,57065.59685610215,57065.59685610215,57065.59685610215,57065.59685610215,57065.59685610215,57065.59685610215,57065.59685610215,57065.59685610215,57065.59685610215,57065.59685610215,57065.59685610215,57065.59685610215,57065.59685610215,57065.59685610215,57065.59685610215,57065.59685610215,57065.59685610215,57065.59685610215,57065.59685610215,57065.59685610215,57065.59685610215
solar,697741.5285572318,691833.24260543,692885.5946328461,695982.6406687151,695998.4938118912,694866.7893980257,691006.1611093589,689586.00950203,687840.1485333337,688160.4752463277,688270.6327451664,686993.1879441477,688205.5439295272,687175.7981637121,687268.63109127,689935.3412042047,676763.6351065463,617314.9411909354,697621.485602582,698164.1279440534,697579.7125763324,699999.3785523793,699760.4735569484,699717.6438670544,700537.0996923988,698097.3153463228,695844.7911619633,693956.4755094106,691274.602436196,692223.9963014906,689815.7012957927,689590.1228748052,692599.6730676863,686169.1767335883,688130.0306532704,689979.3486920265,694342.9169089017,694895.905237471,692054.4007463616,690555.4173731423,688988.445768699,687641.0902057955,684873.6216151823,680282.6166746647,683763.551796553,684320.1721679065,683855.1614088767,685737.9031499374,670644.3607682635,611393.3809637295
solar rooftop,657206.8276960871,662880.0303709648,663190.6541926211,660711.1211808025,659950.9457114504,658562.3971265227,658661.728341198,658828.8676618005,658561.7978288075,658793.5271774991,658199.1016470238,659519.6545383356,661049.7409794497,659613.0672109589,655249.607975312,656309.0450563139,655165.5789298916,658719.1635504144,659678.672945312,660627.2368738371,660347.3332858079,660209.0531079929,659528.6070124609,660101.5684710081,659861.6288486737,660078.6708577513,659664.6700729249,658013.2384433162,654364.4805383508,651093.2585875636,652198.7299469091,657155.843383062,665436.5072758867,671777.334679272,660679.9328761142,660216.4288002695,657809.8983622999,657262.8892960424,656693.5118998031,656822.1490972488,656097.3120260098,657461.7595706193,656650.7641544009,655568.4040903397,656993.059090421,654735.4327349403,652051.514735491,652384.939303415,652184.7923242142,655995.8576465326
solar-hsat,1299861.3612821866,1296743.7788898547,1296181.7306213744,1297487.4997588391,1299792.5730851695,1303272.4212476383,1305926.409136377,1308589.2733139219,1312447.652864333,1315128.273604003,1315187.287329212,1314938.8147849424,1308931.7231326,1305920.6671865485,1304907.7808393792,1296183.1803164938,1283311.5001515795,1271086.1667064189,1297683.032264262,1296319.9847382652,1298820.1776829378,1297932.398641873,1299483.1854599838,1300028.5607305286,1300007.234636876,1302991.4349400955,1304846.4733115113,1308440.132235651,1314704.8854102434,1317507.1715487551,1319277.3237101284,1315187.6943400134,1296092.0169350244,1271284.586060003,1299806.8784684679,1299062.7615666785,1299324.6125439883,1300323.7527845704,1304876.7670692238,1305956.078704371,1308840.4714042053,1312019.5195668945,1316534.8026899681,1319995.7711560747,1313575.8012029384,1311342.3345776983,1309453.443373618,1301890.0690186003,1291207.2959945665,1285753.9214877142
solid biomass for industry,0.00023625862377230078,5.444081034511328e-05,8.731149137020111e-11,2.9103830456733704e-11,5.1341194193810225e-05,1.91314029507339e-07,1.2206117389723659e-05,2.9103830456733704e-11,6.165937520563602e-07,0.030216468818252906,9.424242307431996e-06,8.446135325357318e-06,2.1827872842550278e-10,4.3968859245069325e-05,2.9103830456733704e-11,0.00016668073658365756,1.0648800525814295e-06,8.908638847060502e-06,0.0004139305674470961,5.459005478769541e-07,7.756869308650494e-06,0.00022962375078350306,8.937277016229928e-06,0.00044862148934043944,6.201924406923354e-06,0.0005245194042799994,1.305803016293794e-05,0.00010164118430111557,5.213514668866992e-07,0.00012922707537654787,3.722598194144666e-06,0.00044637161772698164,9.518131264485419e-06,7.566652493551373e-05,0.00040724416612647474,6.692513125017285e-06,5.64595393370837e-06,8.547044126316905e-05,5.983529263176024e-06,0.00023471302120015025,5.598427378572524e-06,0.03347500567906536,7.305105100385845e-06,0.0005584464961430058,4.2477622628211975e-06,0.00023186748148873448,1.9924045773223042e-06,0.00032074768387246877,4.213579813949764e-06,0.0003895965055562556
solid biomass for industry CC,89112.12601261106,89112.12588870613,89112.12582444449,89112.12582444446,89112.12584220205,89112.12582448873,89112.1258357563,89112.12582444446,89112.12582494617,89112.1328691617,89112.12583414005,89112.12583243755,89112.1258244446,89112.12587498392,89112.12582444446,89112.12579374456,89112.12582418154,89112.12583184584,89112.12602887489,89112.12582509137,89112.12582673917,89112.12596244205,89112.12584151088,89112.12585790044,89112.1258258555,89112.1260818922,89112.12582928514,89112.12589934484,89112.12582479428,89112.12585892707,89112.12582470724,89112.1257652943,89112.12582862574,89112.12583118558,89112.12607293944,89112.1258315021,89112.12582814485,89112.12589158305,89112.1258313265,89112.12590652467,89112.12582857684,89112.13894638671,89112.1258316005,89112.12639047937,89112.12582572352,89112.1259738606,89112.12582572085,89112.12588548788,89112.12582552126,89112.1257212818
urban central air heat pump,63238.16526931011,62973.62070287246,63006.70595405922,62869.55948434694,62870.73672422229,62788.19034926392,62738.34135954007,62569.1270208897,62456.31409556184,62295.41709698696,62271.93191447729,61939.60028313783,61602.06817242515,61169.50180855474,60295.59151873238,58990.39654930699,57559.939857999656,59643.26151897591,63009.26996780146,62984.619265135036,62978.625219402114,62848.12154801408,62731.30797579388,62574.56046860935,62392.88652632251,62196.45086694092,61996.743750705224,61693.7885543347,61337.465236774224,61047.814908880704,60513.62532435073,59552.04177761948,58912.6642885813,59912.003212831,63005.1644782808,63002.46140814398,62970.50297370751,62942.363703334646,62926.75738263163,62812.03975729344,62681.803390958514,62551.98219033228,62346.87523989236,62087.63111810023,61783.01710352399,61443.92946152803,60826.16682637168,59630.04528668645,58317.377697974356,60079.64565922829
urban central gas CHP,161924.24156966264,163561.3970080697,164251.9162472078,165093.0779411196,164752.5900054337,157752.29753211347,148468.59452318642,139634.72682966047,132570.82649561987,127443.4566586793,127423.41186610171,117851.96577721817,105772.64246688542,89217.71927952975,63008.80053555487,20041.807861386835,0.00021753659619709134,0.003718630675180866,167027.60513370467,168012.24020905048,171779.2335359565,174735.8348495847,175234.0606036516,173893.35888014588,172141.38104374878,170905.6366797019,166336.6542382997,161735.36692617837,155833.9642966248,149373.67298203433,146252.15108996423,133331.75025623606,98764.03101222674,78879.00398941213,162996.14392349735,163657.06481184345,165220.31340283147,164695.4582245785,159533.72376097707,150534.80730489414,143241.0543260934,134849.05514614613,129115.67013980712,120908.54406133814,109284.18062779307,95676.71420580301,73574.70674048834,35861.48111984914,0.0018389183911026578,0.043701888617138335
urban central gas CHP CC,0.03618026438058512,0.010931574320457656,8.57157462364334e-09,2.551588658413496e-10,0.007044493440467514,2.4352249260488748e-05,0.00258517408564918,1.3737608355488605e-09,0.00011834260141911851,3.8772324151203734,0.0020905307499323776,0.001827912692538217,3.340819645606215e-08,0.008527794659981075,2.289410914067304e-10,0.013186428559356289,6.795143147415617e-05,0.0013542536800932189,0.057729480640247646,0.00010929612368765241,0.0009519494859725537,0.03205611576914028,0.0029402575322768796,0.047441895980883296,0.0007380201479335463,0.0715040794648924,0.0024135936433161056,0.015599955085737246,8.223704631998466e-05,0.01492373762630939,0.0004094903535889168,0.04124144360131749,0.0016045578576087305,0.007272509943399112,0.05698425998335181,0.0011956681475927891,0.0008135089920827749,0.013280464406787453,0.0010821914344205923,0.02972365579514947,0.0008523867175799295,4.093092592235015,0.001274567148653053,0.09505665501570061,0.0005055170502067937,0.03289747127469347,0.0002879174808809289,0.03356558645521862,0.00045087869394533017,0.021036294163871264
urban central gas boiler,90078.09136689406,89838.27056204456,89936.72471957456,90621.46046411622,91146.70260227544,92738.80959902932,94648.27384118577,97014.85889790056,99661.2185738911,102236.92050871992,102146.63367187606,106024.6437041367,110539.830472165,116204.15968166121,127025.43823196454,146604.4521111861,152557.25045911482,146843.19669750714,89939.33460448247,89990.01314366504,90315.63938199334,90867.84099270563,91641.57353129859,92435.15864937638,93592.86318967439,95048.64134206541,96982.03684728094,100137.60523426412,102770.20757394611,105699.44234178044,108292.07269275222,114961.92156627668,123686.98141946654,138114.32369657338,89961.05084354799,89853.17838342207,90524.79661126138,90910.69465459182,91975.10274171874,93947.3975158408,96260.47362096398,98979.69953437329,101091.44970393596,104377.80918624028,108765.83966883832,113589.77919731388,122210.88473490218,138888.197953512,152145.6770869172,147541.108659118
urban central resistive heater,315929.9144432417,316705.2570981012,316410.12903429207,317430.566445712,317990.8808036812,318539.9121596364,319522.831405191,321290.9273182289,321912.31519532093,323450.5427077853,323697.9516214044,325967.46475948405,328208.9144016041,330892.97159933683,336141.4547266059,341859.878232158,345088.7060878238,325559.5569554938,317667.80422966176,317857.52687088324,318195.9197932637,319292.6439704422,319942.9127403948,320962.3800705486,322754.2977420577,324214.03725164104,325682.2164056736,327294.7897988568,329708.77758495853,331763.4761823598,333640.0448467991,336987.8953799143,339522.6215633065,328899.09586700366,315987.953722896,316256.26972795284,316598.2742369838,317290.3018136145,317559.1502996825,318678.4499635632,320048.7445881566,321046.9652943698,323021.2122030203,325050.79966346745,327567.82873757236,329656.36364548164,333044.5733834169,338765.3728195979,341113.7756335516,321633.703251943
urban central solar thermal,0.12130696561108167,0.034668846747623945,2.5091489040581732e-08,7.772709503145117e-10,0.01589327924679716,5.986825975114811e-05,0.006449946661059701,4.453750604462363e-09,0.00029706782923513133,8.960723774577145,0.005484610693959645,0.0045205182620957655,1.0425283962224746e-07,0.0280292870793577,7.019186036352158e-10,0.035026060829664384,0.00021166617054937514,0.005667614519813618,0.1683694566767649,0.00035355379711477533,0.0029291653531854675,0.09610142056378615,0.008195534409778727,0.15343480351258174,0.0025858960222679235,0.24808865462613722,0.007335575844838637,0.05149006673776706,0.00026508688191964895,0.046692254206769444,0.0013774163506512192,0.16266731844714002,0.004474497443215048,0.026683385133948776,0.18051859521825697,0.003230637475197338,0.0023572918709291618,0.04091174868360308,0.003247832710297505,0.1009643823629891,0.0030098713411880387,10.946542321036624,0.004195910952136821,0.317953900210831,0.0016908969002060494,0.10676041596459895,0.0009413493581359758,0.10470673395391976,0.0014366629152297871,0.0802939392146034
urban central solid biomass CHP,0.053984116104481235,0.01510831789930083,1.2330378212581766e-08,3.495199042082547e-10,0.009665657404291386,3.479300146321632e-05,0.004015708144053896,1.95195029627102e-09,0.000183753152185881,5.234983570255149,0.0030687410836063513,0.002872810865930491,5.035562532014724e-08,0.012769821755889345,3.4006882633835e-10,0.026445521998929574,0.00016775354193998438,0.003848801707422454,0.07654182854879867,0.00015600467300173516,0.0015717750264626386,0.049637680020563915,0.0044911308239525,0.08130335947192903,0.0011879189564336968,0.11271067952291627,0.0040377848762377785,0.023559565294752796,0.00012662862468503175,0.02546249784257953,0.0006604053009749841,0.07166641593909354,0.002901984395540078,0.01967771604498273,0.08319903218967743,0.0017239482096041282,0.0012555097782391133,0.019760321080044344,0.0015933255596755,0.04618618452730445,0.0013412515156983695,6.3899921121927425,0.0019442804315339336,0.1371581063975467,0.0008823182141396189,0.051949355208359485,0.00048721639650344786,0.05941156585134506,0.0008208633719250235,0.061789156927426585
urban central solid biomass CHP CC,105217.28771630235,105193.96487776614,105180.44005331272,105138.72254202976,105148.76362352395,105079.41935651662,105082.75494066023,105078.97954988616,105062.50974097684,105049.71105049379,105046.90084139224,105019.10567539358,105011.35765922598,104981.77849340142,104770.47069721113,104394.05574173664,103773.04850625087,102780.17042247584,105238.76016202148,105235.34144204526,105270.71341712787,105303.63983477144,105273.43099190868,105245.9999966838,105228.43483970752,105215.20175655012,105205.7397991658,105183.52975154926,105144.82138158713,105103.84359005307,105067.14012783133,104933.22723659709,104742.89950382238,104397.40898343996,105185.7177253578,105187.6061009475,105144.30795279298,105151.37726992246,105129.3325266198,105114.03942012096,105112.90793185557,105080.35218201048,105060.120465071,105033.56963902476,105017.44342436673,104998.28552448438,104861.92267724761,104520.88834863962,104047.40480492952,103062.25491915579
urban central water tanks charger,739659.184100186,739853.5514368648,739974.0758317102,739869.0238536155,739536.1268754139,739154.0197983488,739267.2860810318,739474.9655918174,738720.441650112,736448.5054207627,737931.9010752017,738130.10575643,737459.3832411171,734826.5003048984,733256.047376377,714024.0128896547,705940.953083264,695579.5019121817,740702.0836558103,740958.6058889868,740428.4038892416,740108.7474538762,739862.5575360585,739295.2798258096,740142.3075060862,739946.96548201,739581.3618815369,738643.2043567958,738322.0125020967,737156.3740516707,735652.5332853562,731992.4062305737,724377.8042278968,698490.1695613284,739650.3012247015,739804.5733599529,739781.1987968119,739356.9816053953,738863.0125382191,739058.3828722375,739247.3553857903,737962.42761755,737980.2000449051,737798.8661154493,738040.7681717054,737490.6720282544,734164.8005884369,725483.0547279486,705159.6210114431,689178.2267900292
urban central water tanks discharger,854980.2945394028,853682.5051234295,852129.6607053393,851462.9211196917,851980.8343030763,852158.6724052106,853364.4918533135,855069.0690760687,855864.063147832,857270.5451877498,857507.5081593107,858997.3215687405,860013.7479989012,854020.2211557686,868561.0762304934,872522.996831075,886293.2365169302,860922.2546697604,852497.8397525375,852344.5778120853,852225.2232137102,851717.5120204848,850243.891231779,849443.8264233579,850077.4396901218,852229.2844390154,851985.6868242045,844041.8552077365,840592.9482072033,842227.6095794871,836980.4665317562,827676.7977472743,846294.8014175469,849665.6196912128,853259.0239556043,852055.5078723981,852275.5161724692,851739.6062725027,851167.2115377721,851625.340664451,852730.1787111305,855656.6094536812,856517.6434945539,858198.2809380423,860013.9530205847,852149.5239376202,864712.5928028327,875792.4198814315,882588.0274956254,880211.9340879362
urban decentral air heat pump,95306.07499888055,95306.77175697392,95299.08777364418,95380.92030135506,95415.6257749094,95369.35674874861,95277.82191651508,95220.41340988586,95163.09508609308,95177.04228231129,95180.8973468743,95088.99205013363,95118.9598697236,95236.04936829777,95410.73396000991,95672.80265554992,97335.20909714518,101344.01744308458,95268.4766960208,95288.63381470827,95343.61021746442,95195.27949998765,95106.95503405143,94989.74141695493,94921.26009978913,94836.97393061605,94835.09850841986,94858.17230739421,94975.16943693465,95080.56514213115,95112.45984284142,95176.96539774696,95343.89045557784,94717.1788102734,95290.29214811034,95300.07786983476,95386.67603548091,95402.44706709366,95358.9941326929,95361.16462313526,95269.64500050373,95191.74572315696,95203.449462478,95156.53625016888,95069.648312347,95169.00176477172,95352.5644463122,95565.61704445844,96754.05408960619,100231.00624032957
urban decentral biomass boiler,0.069208461474169,0.020443496229276888,1.606007050040761e-08,4.634538746976523e-10,0.012269481867975156,4.371162375806674e-05,0.005229336093647152,2.5717579073517087e-09,0.00023270371793287522,6.233182660978754,0.0038077123893542736,0.003531734402269364,6.258191295260092e-08,0.015920029641775687,4.0735856952586996e-10,0.02792495617557276,0.00018181877452237084,0.005154644263951804,0.09528747594316657,0.00020735640937002747,0.0019631302947045906,0.06183195749984921,0.005826783751964122,0.0971103975390007,0.0014437923842683927,0.1366492877484637,0.00502501646265335,0.028521110290843768,0.00015386662546907967,0.029461061106925833,0.0007398697016272058,0.07585831757518742,0.0029079489042106417,0.01577081091737914,0.10491431446205857,0.002286006494608718,0.0016145257912136104,0.025903295891363105,0.0021054621181589724,0.05760799410398011,0.0016803136950204606,7.781954804840527,0.00247318958512062,0.17175524855892338,0.0010643303480971943,0.06196590362995398,0.0005796310898404251,0.06564320813948178,0.0009087862932091158,0.07024443319003001
urban decentral gas boiler,99538.70636895737,99388.86142098061,99291.92062501334,99031.21471944444,98358.37586324895,97152.52289294639,95919.70189960662,95186.80297153677,94037.2603708778,92520.17268566815,92517.93644460867,91022.33669681831,88760.79555766562,86200.21502905409,82941.0545129015,76568.75935979788,60978.950135781015,32046.566582896696,96913.65541531875,96657.40270149417,94621.78072541085,92750.82702074501,91052.52155927045,89420.93891617408,87916.49438686146,86629.6483519505,84622.35975435548,82444.26618241111,80474.7702074389,77514.28399195253,73387.52931911661,65894.89924380553,51097.43555981518,22338.234404157083,99981.52850958401,99702.1168651748,99336.17654953676,98940.51770977951,98095.92005434653,96941.42541541968,95669.16925587073,94495.30220665557,92948.1629798249,91695.96245037916,89872.91608496662,87411.55500912416,84438.38859724783,79269.35578190272,65761.21612804185,40431.38353398489
urban decentral resistive heater,165162.66152200097,164284.71095861724,164433.5249993836,164657.47460300152,165063.5780706567,166179.41462415783,167665.09486558186,168271.25234445746,169491.9534865394,170682.8124909948,170687.38310425344,171846.12255570444,173975.86333478455,176361.9695674065,179470.31150558242,185578.36509886422,199953.81051668615,225156.85273472493,163123.19599232794,161659.28706351065,160801.40123342248,161085.78563139375,160778.4672503601,161795.01778049133,161849.7970584307,161587.93224626046,160300.79975546748,159959.1536479557,158311.8613002782,156556.45411469907,154429.73423485755,150049.4310474562,145501.6671718873,143704.01645311085,163681.0408920762,163956.46373079583,164235.7158481408,164407.1505204407,165151.26155878472,166157.15217350298,167679.00378273084,168942.93288316196,170328.05049946991,171251.00596731843,173185.83834528274,175505.80720428517,177524.899829073,182596.99963532164,195074.30714316666,217818.65526915854
urban decentral solar thermal,0.05990203884664995,0.01566814069508929,1.1573774710446306e-08,3.5174901261837973e-10,0.007538743863990295,2.9052705411080906e-05,0.0006871807465812628,1.997748618654985e-09,2.729946792367897e-05,4.12369018823417,0.00044849507222030307,0.0002669075608348827,4.6831783860516354e-08,0.012425213097518357,3.1517681857355277e-10,0.016230051339573993,9.057101234198775e-05,0.00018620005869636355,0.07781110602421208,0.00015947364234053158,0.0013256744593582231,0.04271468319080769,0.0006285059513510113,0.06788286316256348,0.0011392364427409664,0.10873305598133666,0.0005604688060238175,0.023823228400512927,0.00011500289293264874,0.020342127709557314,0.0006351427111050317,0.06918495170126626,0.0003794603303039065,0.011579166131456821,0.08565597929974497,0.0016042203448699008,0.001160658555127246,0.018184912521688724,0.0015329828022136224,0.04486507634329373,0.0014210823080739636,5.073841428229127,0.0019175030114846731,0.15129559611647794,0.000735929631408514,0.04735425565492981,0.00042346869011733413,0.05006611380338171,0.0006564981362111615,0.03592835729408794
urban decentral water tanks charger,330070.0225694796,327388.5148707858,326815.47796931164,326263.0212885312,323561.1160091662,320420.2563344504,317354.67546214943,316243.4425327758,314840.27132121864,309564.4943314237,313985.3549657642,312176.5362920414,309590.3102292801,307154.79080803576,307679.97635432286,307890.52019527566,305108.7933580718,300080.17029091786,312120.4454828733,312367.9859440758,309269.64278368396,307542.3064805129,302329.1299451378,301240.2481502713,296706.9363389395,294744.63134739123,291578.83138528926,283365.1665910191,279127.9126151861,274367.37667903205,269358.31295199157,262398.7207987758,247363.8942325313,235270.48585620656,327411.521291875,326617.69512295024,325671.0710456007,324466.09743278165,323684.05343413167,319503.8440738869,317306.41326597147,312082.6070967214,314195.94336671854,312466.82493191067,311131.0039377311,308088.61129021074,308432.79300751345,307652.66637132346,307265.74210687715,300706.22873152874
urban decentral water tanks discharger,235330.12516540673,234144.1075166741,233635.37100573425,232085.8036890458,232708.67978875738,232595.9052188982,231798.34189924656,231263.36682298878,229093.85875104292,228327.92756892214,228993.4061239363,228038.53863658753,227812.45439422762,224243.03099906206,223796.9670092777,223501.20605222296,220417.84628297033,221072.65571798713,229644.38615615465,229898.72457317545,230654.74257118578,230816.36366049104,229283.6183791273,228187.95269522187,227565.91446514695,226991.9906530592,227342.9478989811,224076.8867643701,221288.3524760399,218510.95758095192,215452.00437278496,210670.6001078989,197875.2622638687,188194.5743898382,234417.77849373384,234117.5085290636,233252.03260003234,231687.54584776756,231997.54516765152,231361.59451299274,231388.38610786007,230959.42285892437,228772.79008667188,227985.85167376176,228550.43226271507,227406.28425663937,224506.4524267756,224046.958520135,224258.8829166174,221676.7556148624
