name,main_runs/postnetworks/elec_s370_37m_lv1.2__Co2L0-2H-T-H-B-I-A-solar+p2_2050.nc,main_runs/postnetworks/elec_s370_37m_lv1.2__Co2L0-2H-T-H-B-I-A-solar+p2-dmIelecIp05_2050.nc,main_runs/postnetworks/elec_s370_37m_lv1.2__Co2L0-2H-T-H-B-I-A-solar+p2-dmIelecIp10_2050.nc,main_runs/postnetworks/elec_s370_37m_lv1.2__Co2L0-2H-T-H-B-I-A-solar+p2-dmIelecIp20_2050.nc,main_runs/postnetworks/elec_s370_37m_lv1.2__Co2L0-2H-T-H-B-I-A-solar+p2-dmIelecIp30_2050.nc,main_runs/postnetworks/elec_s370_37m_lv1.2__Co2L0-2H-T-H-B-I-A-solar+p2-dmIelecIp40_2050.nc,main_runs/postnetworks/elec_s370_37m_lv1.2__Co2L0-2H-T-H-B-I-A-solar+p2-dmIheatIp05_2050.nc,main_runs/postnetworks/elec_s370_37m_lv1.2__Co2L0-2H-T-H-B-I-A-solar+p2-dmIheatIp10-lowtol_2050.nc,main_runs/postnetworks/elec_s370_37m_lv1.2__Co2L0-2H-T-H-B-I-A-solar+p2-dmIheatIp20-lowtol_2050.nc,main_runs/postnetworks/elec_s370_37m_lv1.2__Co2L0-2H-T-H-B-I-A-solar+p2-dmIheatIp30-lowtol_2050.nc,main_runs/postnetworks/elec_s370_37m_lv1.2__Co2L0-2H-T-H-B-I-A-solar+p2-dmIheatIp40-lowtol_2050.nc,main_runs/postnetworks/elec_s370_37m_lv1.2__Co2L0-2H-T-H-B-I-A-solar+p2-dmIinduIp05_2050.nc,main_runs/postnetworks/elec_s370_37m_lv1.2__Co2L0-2H-T-H-B-I-A-solar+p2-dmIinduIp10_2050.nc,main_runs/postnetworks/elec_s370_37m_lv1.2__Co2L0-2H-T-H-B-I-A-solar+p2-dmIinduIp20_2050.nc,main_runs/postnetworks/elec_s370_37m_lv1.2__Co2L0-2H-T-H-B-I-A-solar+p2-dmIinduIp30_2050.nc,main_runs/postnetworks/elec_s370_37m_lv1.2__Co2L0-2H-T-H-B-I-A-solar+p2-dmIinduIp40_2050.nc,main_runs/postnetworks/elec_s370_37m_lv1.2__Co2L0-2H-T-H-B-I-A-solar+p2-dmItranIp05_2050.nc,main_runs/postnetworks/elec_s370_37m_lv1.2__Co2L0-2H-T-H-B-I-A-solar+p2-dmItranIp10_2050.nc,main_runs/postnetworks/elec_s370_37m_lv1.2__Co2L0-2H-T-H-B-I-A-solar+p2-dmItranIp20_2050.nc,main_runs/postnetworks/elec_s370_37m_lv1.2__Co2L0-2H-T-H-B-I-A-solar+p2-dmItranIp30-lowtol_2050.nc,main_runs/postnetworks/elec_s370_37m_lv1.2__Co2L0-2H-T-H-B-I-A-solar+p2-dmItranIp40_2050.nc,main_runs/postnetworks/elec_s370_37m_lv1.2__Co2L0-2H-T-H-B-I-A-solar+p2-dmIshipIp05_2050.nc,main_runs/postnetworks/elec_s370_37m_lv1.2__Co2L0-2H-T-H-B-I-A-solar+p2-dmIshipIp10_2050.nc,main_runs/postnetworks/elec_s370_37m_lv1.2__Co2L0-2H-T-H-B-I-A-solar+p2-dmIshipIp20_2050.nc,main_runs/postnetworks/elec_s370_37m_lv1.2__Co2L0-2H-T-H-B-I-A-solar+p2-dmIshipIp30_2050.nc,main_runs/postnetworks/elec_s370_37m_lv1.2__Co2L0-2H-T-H-B-I-A-solar+p2-dmIshipIp40_2050.nc,main_runs/postnetworks/elec_s370_37m_lv1.2__Co2L0-2H-T-H-B-I-A-solar+p2-dmIaviaIp05_2050.nc,main_runs/postnetworks/elec_s370_37m_lv1.2__Co2L0-2H-T-H-B-I-A-solar+p2-dmIaviaIp10_2050.nc,main_runs/postnetworks/elec_s370_37m_lv1.2__Co2L0-2H-T-H-B-I-A-solar+p2-dmIaviaIp20_2050.nc,main_runs/postnetworks/elec_s370_37m_lv1.2__Co2L0-2H-T-H-B-I-A-solar+p2-dmIaviaIp30-lowtol_2050.nc,main_runs/postnetworks/elec_s370_37m_lv1.2__Co2L0-2H-T-H-B-I-A-solar+p2-dmIaviaIp40_2050.nc,main_runs/postnetworks/elec_s370_37m_lv1.2__Co2L0-2H-T-H-B-I-A-solar+p2-dmIagriIp05_2050.nc,main_runs/postnetworks/elec_s370_37m_lv1.2__Co2L0-2H-T-H-B-I-A-solar+p2-dmIagriIp10-lowtol_2050.nc,main_runs/postnetworks/elec_s370_37m_lv1.2__Co2L0-2H-T-H-B-I-A-solar+p2-dmIagriIp20_2050.nc,main_runs/postnetworks/elec_s370_37m_lv1.2__Co2L0-2H-T-H-B-I-A-solar+p2-dmIagriIp30_2050.nc,main_runs/postnetworks/elec_s370_37m_lv1.2__Co2L0-2H-T-H-B-I-A-solar+p2-dmIagriIp40_2050.nc
AC,5.904225123562242,5.904317435170577,5.904142759258379,5.908151745468539,5.908209518693149,5.9101705974211205,5.904193043607878,5.906176135992177,5.913896634116769,5.90723012746103,5.9120444393848475,5.903350684145485,5.91000316975797,5.92636631551269,5.940493828821982,5.945841578290334,5.9024839600119545,5.899757199426484,5.895981585264776,5.893861396042273,5.8941424570318945,5.90338001031228,5.9023464262162575,5.8996995378321335,5.8988135812806695,5.898714365953898,5.902475684053092,5.900337032129626,5.897209954492941,5.898539322275378,5.9045373272207105,5.90410281215066,5.903621159703429,5.903190582999889,5.902106186492009,5.90122008994263
BEV charger,0.014056392136615477,0.013764725415694158,0.013932260358820394,0.013719166073264176,0.013976637177970425,0.01369716805752956,0.013623606932342458,0.013991654098182803,0.013210648837203067,0.013391240164871494,0.013521773658048866,0.013308469922237961,0.013523338665071775,0.013230899271171112,0.013778995019714455,0.013580899503273918,0.013483576860123907,0.013012526091939381,0.011555650705762794,0.010699990042001175,0.010380699985525751,0.013332107108722163,0.013327389863859805,0.014042222948232529,0.013758784114278362,0.013304738212089731,0.013774109511790446,0.013932068088918306,0.013633195729065186,0.013917593404358858,0.013723020977154254,0.013938263072549006,0.014055906505664583,0.01377445555054064,0.014051084728556491,0.013948831205428483
DAC,4.284845293321943,4.155218389576774,4.013745649534764,3.748372571975556,3.5259165295764783,3.3009648770895894,3.5336988776081353,2.850487612745642,1.5751556467387178,0.4840677525444011,2.9920437866557687e-07,3.8527552784266623,3.5192531192219345,3.851834940353487,3.9532021012516987,4.638867720852449,4.181047040920042,4.08725945164861,3.881781563750589,3.677289087001365,3.465360079254446,3.668506271727785,3.1141667803703275,2.085860473813448,1.090543200676943,0.015025178047149966,3.393762145460126,2.561102488927747,1.0124187373706113,8.964670670855808e-08,1.0716610196824359e-05,4.161961347377562,4.033048587843883,3.7814331124112126,3.5466437576749086,3.3284282456036514
DC,3.1223226946269533,3.121249778391066,3.1213099988509785,3.1147381274522696,3.1148143906575756,3.11003597232559,3.121537169081776,3.119727589978205,3.107191092566352,3.113621497321462,3.0998763340477327,3.1231318663729604,3.113778480198484,3.0828466095020173,3.0540560616143813,3.038579242690603,3.124785950924619,3.1297768975323685,3.1353187127533264,3.139983127887706,3.139780722725225,3.1227327946295627,3.1244818315396032,3.1308210532212346,3.1308848857362643,3.128841059310584,3.1242885261425304,3.1289761457245886,3.134083031570199,3.129087941712645,3.1156336055172185,3.122003114013125,3.122395366134193,3.122356689386251,3.1241073933573027,3.125504554941301
Fischer-Tropsch,17.042717857678554,16.97058447800998,16.891828221217477,16.738002098840646,16.593623406790293,16.449662498574494,16.663737905040676,16.33116244917607,15.609945478822677,14.885088863946663,14.182165031489493,16.55858356671775,16.123909812189428,14.947458932792898,13.722988892603585,12.502254088452503,16.986154237453373,16.932541420345657,16.822605941083324,16.710793060660762,16.596945311308442,17.116103992382122,17.228191039892707,17.482909572659853,17.727563239834037,17.93266675002145,16.577309211507988,16.152337060077418,15.355789659113045,14.48775710914489,13.369554188378952,16.976145061254257,16.907528334490845,16.77624153662744,16.65225963714698,16.538910353353124
H2,3.780971576310723,3.756247495632056,3.7366151802950185,3.708388975447901,3.6363732054110303,3.5775012585412256,3.6848323637011133,3.5781456070647506,3.475109414679203,3.352672864866736,3.162472178439242,3.6872527908404757,3.5150047883971016,3.2343188017573574,3.0690368563176156,2.83402381538615,3.763410705905025,3.749193708964299,3.737045383405155,3.7181851508632695,3.686509658683501,3.7836797365958876,3.773520005254274,3.7275318399296826,3.673783035665553,3.6183234786313965,3.726280064984592,3.6511495685553457,3.5142137264131144,3.379317163879168,3.2424607783731827,3.770126642526397,3.763298610921041,3.7432062902543928,3.7310323629786364,3.709167714211161
H2 Electrolysis,101.87237479845244,101.42966469552019,100.94769010991786,99.96477060094551,99.01932457746943,97.97902786512661,100.41597850006636,99.11300451380004,96.2834984308612,93.4715616653056,90.98613551203853,99.16011607786496,96.59889573266521,90.69213186987804,84.6439184437161,78.76124765033296,101.58428753662663,101.32682384256812,100.79492272393081,100.21651131148857,99.62656491624575,100.7216574528775,99.70038059810378,97.75228240366003,95.71529406620321,93.45776542353933,100.08140077846595,98.39720268322291,95.25685526664137,92.16492173569343,87.79302073591546,101.6149148072807,101.3438695718229,100.79585226554893,100.29473779924616,99.80990221173909
H2 Fuel Cell,2.1854978257204262e-06,3.3856022341097887e-06,6.141893643002072e-07,2.854232409282241e-07,3.9273472398245455e-06,8.562328712878123e-05,7.348712144270519e-07,2.8107780335418984e-08,3.2480587185160207e-08,4.4210934025700545e-08,3.583564410368158e-08,4.548788435836096e-06,2.9748524898906425e-06,2.847580836975927e-07,1.1800201288912698e-06,4.109898939000201e-06,3.7807278224776313e-06,1.3780269493919099e-06,1.8681678668884013e-06,1.8450286242019503e-08,4.988529322479299e-07,5.510031206015057e-06,7.485986011893928e-07,7.358164261909935e-07,2.747105724572257e-06,4.1674263579459683e-07,7.869113799059387e-07,4.443591700091364e-07,2.978656781821639e-06,1.7074940954785805e-08,2.4188419746752085e-06,4.491221752760138e-06,6.798062663834085e-09,1.7784594722794528e-06,5.070988860609478e-07,1.0895602941930673e-06
Li ion,1.7015633334048474e-14,2.347830969246852e-14,7.769450563067241e-16,2.776173606399173e-16,2.849736973951593e-14,5.623118544389549e-13,4.601644258999924e-15,2.4673626458529225e-16,1.9747831742396595e-16,-1.56321463091234e-16,3.682307617895805e-16,2.7438341379578748e-14,1.5479835983781476e-14,1.2267607383182768e-15,5.8364603910811466e-15,4.6222841810180645e-14,2.319339667861556e-14,1.2444088505349041e-14,1.512922759722155e-14,7.064834991183599e-17,5.206424988110398e-16,5.943896382471455e-14,1.1645230593442681e-15,1.5548620763628787e-15,1.544883537875802e-14,-8.199861836956788e-16,2.4096934952725815e-15,6.6716535823180585e-16,2.2355195617862095e-14,-4.008576096819333e-17,1.464766574819296e-14,3.52573408261547e-14,4.715397189554966e-17,1.1272596156945995e-14,1.0267162551686052e-16,6.983578246766997e-15
OCGT,1.643648009307072,1.6148275621275465,1.5688718155511783,1.4743314954650213,1.421560710752239,1.3200886562710286,1.6671967216500319,1.7104312551275387,1.8403393864072215,1.8717210635943473,1.9206828970915213,1.6438007265638184,1.6478710975910102,1.6085857103598116,1.517655265369571,1.444956612395663,1.609265552429832,1.565951447363641,1.4712759432545277,1.3886629687294976,1.295518008738188,1.6418961261449174,1.6297767283665392,1.6205476674179282,1.5956623432461194,1.5684745405592186,1.6308281044659492,1.6308895250222881,1.6162417220906693,1.596609665222766,1.546488238373824,1.6462191510356212,1.6478451069645477,1.6496192581459495,1.65519338037745,1.6540390931208662
PHS,10.020521866068977,10.020488563339894,10.020518648862293,10.020520288880187,10.020514388124125,10.020516273896416,10.020467592950077,10.020476288334061,10.020466241525101,10.020441525776123,10.020447192980615,10.020521515218825,10.020471358201098,10.02051934618901,10.02052543451572,10.020461975278138,10.020520249737709,10.02051983622482,10.020519707698583,10.02052911017979,10.020519176311923,10.02052186099909,10.020520913225752,10.02048444838683,10.020470581060282,10.020531321147285,10.020471398441254,10.02052230138,10.02050029207157,10.020517576849352,10.02052161138464,10.020521641618204,10.020485350649617,10.0204892822213,10.02052083967247,10.020520793473382
SMR,0.7374153517216419,0.7137293438524802,0.7052284353244915,0.6551276703360273,0.5978186670203985,0.5339901003575899,0.6819151614207206,0.6462441513377453,0.5783579110519066,0.4165785726713885,0.3820115669090895,0.777619845292449,0.8875578447981897,0.9111035426295806,0.8287918848736003,0.8195937500242846,0.7133691668534866,0.7020219697804314,0.6588889698945749,0.5878829703100837,0.525240325017671,0.7571169007941986,0.7754306000241288,0.8375530686980913,0.9610384932298341,1.102712963617756,0.7305332349271214,0.7320414935904347,0.7746693779316904,0.9777183979380432,1.0388876434407235,0.7355968606045018,0.732488870649635,0.7289252276501514,0.7200438292117184,0.7215897050324241
SMR CC,1.313971153346029,1.3066240657214445,1.2986988012446732,1.274494253830205,1.2564639621801688,1.2405095491024576,1.3003161526695228,1.2883639946149819,1.2611724653869063,1.1575109357634956,0.9421728803336493,1.1610625225327549,0.9150313998748808,0.6687500069801335,0.5114153281381534,0.32523722209320793,1.3052644503035054,1.295000268838936,1.2877481906723738,1.2787570401030832,1.2685595438316177,1.2982376984301982,1.286053558786481,1.2467120031767793,1.185919889840028,1.1511603130164672,1.2961512362975334,1.275609174439692,1.2110845098906988,0.9141332635732338,0.7799777792384025,1.3109141454139033,1.307876148447425,1.3013058276513998,1.296019767414192,1.2922325297960484
Sabatier,1.3054593232269068e-06,2.4014779811326727e-06,3.125328542021312e-07,1.5004858154420454e-07,2.647958600468564e-06,7.889620842467819e-05,3.9509629477043183e-07,1.9143560664747425e-08,1.8785878626704485e-08,2.6561727135781587e-08,2.268877596377733e-08,3.2822341462974577e-06,2.1176131432273498e-06,1.7802019551162028e-07,7.457550507846962e-07,3.0487367241242216e-06,2.810920342401955e-06,9.869930610981779e-07,1.2109304496742022e-06,1.0949582806756677e-08,2.5472532340251935e-07,3.3767943568248893e-06,4.154556725457184e-07,4.695216043031843e-07,2.032979966942114e-06,2.362692675062438e-07,4.774921060598983e-07,2.2321727713204048e-07,1.9500779098685815e-06,9.353579297017523e-09,2.0681130682627095e-06,3.3611683199858875e-06,3.5345901421675756e-09,1.061072643707205e-06,2.5063373822948226e-07,6.277229079016436e-07
V2G,0.0020244904252614063,0.001975413808967918,0.0019303591086397304,0.0019540936499405463,0.00195501365577201,0.0019150457659431787,0.0019437972059810607,0.001967143714263419,0.001892608139997425,0.0018488062366885864,0.0017581240203363637,0.0019850762483329828,0.001967000709560694,0.0019089303802709342,0.0018622926728102812,0.0018099689935758383,0.0020500086649743814,0.0021501779013584185,0.002425641279355018,0.0026647392547107652,0.0029520930098216012,0.002008009744307751,0.0020035856160698835,0.0020121464542184582,0.001970480843472315,0.00198179149137109,0.001983850083796623,0.001999362459375119,0.0019527233309949521,0.001917546857299628,0.0019389870713781873,0.002004741610946755,0.0020240581252488473,0.00198415740051262,0.0020199018765023357,0.0019447167607294091
agriculture machinery oil,0.0009845679939173616,0.0009562954675627948,0.0008551684999989637,0.0008771540226931892,0.0009845679939173616,0.0009562954675627948,0.0010040299934904347,0.0009845679939173616,0.0009583003438590596,0.0008282400021084788,0.0009562954675627948,0.0009583003438590596,0.0008282400021084788,0.0009583003438590596,0.0008407680017263627,0.0009562954675627948,0.0008551684999989637,0.0008551684999989637,0.0009583003438590596,0.0009583003438590596,0.0009845679939173616,0.0009583003438590596,0.0009583003438590596,0.0009845679939173616,0.0009562954675627948,0.0009583003438590596,0.0009562954675627948,0.0008407680017263627,0.0010040299934904347,0.0008551684999989637,0.0009562954675627948,0.0007987296016384426,0.0008861111945237496,0.0007650363740484136,0.0006891975957402771,0.0005131010999985634
battery,12.54906766578686,12.060053706221206,11.57317878534815,10.556417863157293,9.500609647206606,8.632949213805423,12.253840907408357,11.899039947973826,11.550989983713299,11.232447986950815,10.597749286017905,11.647292095184786,10.597016772214742,8.700347407372078,6.9261352725668575,5.36886038687385,12.370998185066648,12.214240596862636,11.854235296060363,11.489198781076794,11.107381379967181,12.29707960731782,12.101795716838089,11.719194459513773,11.391774823425644,11.144482210058763,12.25303648017126,12.011210808170464,11.654526472416812,11.359338822770967,11.090238306496746,12.478729169382493,12.406916497378194,12.281856170737822,12.145738380031363,12.03578251673642
battery charger,3.6198542132709934,3.4828444440806896,3.342817347052095,3.0525660629108247,2.758453372510158,2.519803709010226,3.527456260541379,3.416277041448022,3.2967205272928215,3.1718453889308393,2.9479738032092153,3.3762505634927793,3.0933655421052335,2.570458963061909,2.0721247224093298,1.6273421827191226,3.5667244796182014,3.5167935873301444,3.401100019643605,3.301852564965404,3.1992666532481366,3.5597183342281746,3.51219141382234,3.4112696975263876,3.3232852119939067,3.2567897586906835,3.547355588341386,3.4874081608053387,3.3811973775332875,3.2898652314489025,3.2232846619245272,3.6019294058251727,3.583016018749359,3.550710778489908,3.51459851644732,3.4852939761509174
battery discharger,0.003143834279530318,0.0033985878781262386,0.0032392149609310143,0.0029806363763695215,0.0023784529492128096,0.002461602113270383,0.003170772649429802,0.0029772788253692043,0.0031852775071839093,0.0030266868038667676,0.002942970351610027,0.0032248240016300314,0.0028704722059236134,0.002421903168697968,0.00196098999425984,0.0015414351197584786,0.003460096626049169,0.0034224117177863566,0.0033003806362715137,0.0032099431182741433,0.0028218574917872113,0.003400666069366495,0.003347659923985752,0.002937719762838831,0.00321341691458925,0.0030904245668722965,0.0034508371536179196,0.003355285346159015,0.0030226423765676775,0.003178108847408048,0.003136061491559601,0.0034835248474868762,0.003108905891266591,0.0034585710410601714,0.003043607469735167,0.0033626504613220153
biogas,21.57833142816376,21.578435271643464,21.578435272132968,21.5783314281892,21.578331427702942,21.57833139060504,21.578323314856135,21.57833142826596,21.578432499121835,21.578323314953504,21.57843527225766,21.578432498278058,21.578323314011723,21.578406266769672,21.57832331449782,21.578423425148504,21.578331427530305,21.578331428090074,21.5784062666058,21.57832331495335,21.578331428107333,21.57840626758442,21.57840626663149,21.578331428020608,21.578423424813202,21.57832331482407,21.57834440894834,21.578406266726134,21.57832331434548,21.578331428267894,21.578331427566546,21.5784062662489,21.578331428271586,21.57843527201581,21.578331428101052,21.5784352720743
biogas to gas,9.536671286217775,9.53659385243025,9.536574965268864,9.536696958175511,9.536672816842612,9.536655436834147,9.536600518850454,9.53666960718834,9.536634733359097,9.536633932370762,9.53659113799519,9.536638287386959,9.53663608993144,9.536634930877621,9.536717266298206,9.536594181955016,9.536577189844015,9.536575511889712,9.53663613284547,9.536634723190167,9.53666996246474,9.536639297320994,9.536635275068779,9.536670133039031,9.536593196004764,9.536635025676752,9.536591676129207,9.536716636522737,9.536602435358212,9.53657450859782,9.536592812230388,9.536719959913265,9.536669590627781,9.536592559770867,9.53666996385256,9.536575329313102
co2,7.10360689857115e-15,2.7587071776292244e-15,4.717329659118259e-15,2.8234936915196125e-15,4.742777921267937e-15,1.55742002515962e-13,1.602829376649984e-14,-1.0523667054442511e-14,-1.189404741915926e-14,1.0544630254196906e-15,9.323566653887999e-15,9.514760653954533e-15,-4.587466204600961e-15,-7.467440865097757e-15,9.119816412298114e-15,9.327822260299405e-15,-2.923653826722778e-15,9.565622003958427e-15,-7.307565579722315e-16,-1.7323946987602308e-14,1.4514508344149458e-15,1.1160150790656103e-14,2.861726316176764e-16,8.184132269006997e-16,4.390327304373421e-15,-8.666187495346641e-15,1.0718477010821977e-15,-1.6837224950344366e-14,5.939522215619964e-15,4.272621523185355e-15,2.2165317898651779e-16,6.081191883264061e-15,-3.377340135313506e-14,4.8054223556121726e-17,5.608580404252392e-15,4.602680257183817e-14
co2 sequestered,2.000179273482133,1.9999738227164463,1.999797671902179,2.0001593428331748,2.0001792734966526,2.000242176553186,2.0000640439272472,2.000179273469554,2.00003366658298,1.9998702347495647,1.9999738226925776,2.000033666611855,1.9998702347715813,1.999842157623395,1.9999095157637252,2.000287544165284,2.000066025018585,2.000066025002569,1.9998421576349712,1.9997132349541575,2.000179273471714,1.999842157650531,1.9998421576250363,2.000179273473789,2.000287544154462,1.999713234956295,2.0000916923200798,2.0000384384244287,2.0000640439443416,2.0000660249920292,2.000242175801705,2.0000384384540837,2.000179273469372,1.9999738227030335,2.0001792734716064,1.9997976719062223
co2 stored,0.012811293311807291,0.013327803596989332,0.013196967477064036,0.01137168794400653,0.010295629990204811,0.009863417448998041,0.013330889824480472,0.012596478381418651,0.00715239656072902,0.0016324741653573926,8.443841126679198e-10,0.015330174663906336,0.029014108591453182,0.037163561633309444,0.052647757850017816,0.0578325696943138,0.013345727491834337,0.013882156997889566,0.012459641136242134,0.011603785781009181,0.011113873726998257,0.012002336879393673,0.011156047614058683,0.009053290972762869,0.00847385787811803,0.008411205964661689,0.011514015066892662,0.010308638974718006,0.01224494103760768,0.009036101541069586,4.3029054658823184e-08,0.01256541886030645,0.012338103266041053,0.012015676544658516,0.011556288373815523,0.011239867735828806
electricity distribution grid,50.49506317231279,49.933770245392594,49.3699925856852,48.20727957949341,47.03420947221263,45.84717547552819,49.376966659098535,48.248097642300436,45.64011752706334,43.19460215539853,40.88725901961715,49.66794821019973,48.84121633509045,47.3735807134373,45.93837239810372,44.35836725085373,50.10747084427857,49.64239083832361,48.73298117403103,47.99607526533679,47.28138458683186,50.471363963405814,50.37791048410641,50.19021253220242,49.99030098737366,49.821277356262605,50.46166900479628,50.35644670467991,50.0491732844829,49.826997149357226,49.985986823426444,50.446805088164886,50.41002639746382,50.33886752489129,50.24339538212461,50.128336675703224
gas,5.280414158342298,5.280169431251039,5.284555802522666,5.280301553305307,5.279974949803852,8.140327174826478,5.280449233285427,5.279684750417033,5.2793367574554955,5.278367011292418,5.277799096224208,5.279946396489625,5.280087063645132,5.27974470807828,5.279700726039275,5.279140880188082,5.280116227629948,5.2805037391585605,5.280343603845342,5.280027652752497,5.280508427362756,5.280066423135433,5.280386996906776,5.28063957706484,5.280260476269291,5.280613653144164,5.280568559387687,5.280559120207721,5.280444647233306,5.280439814080175,5.280761628812429,5.280101662763913,5.280063987841739,5.280524056595261,5.28056009378181,5.2805169170239346
gas for industry,2.0525786675320533e-09,3.6663672957976247e-09,5.295257048522475e-10,2.1994128710140585e-10,3.780005307202883e-09,1.2566115577948094e-07,7.168653292179965e-10,3.308686306697917e-11,4.503558207583699e-11,4.6023493983061274e-11,6.919530901067093e-11,4.866763393932999e-09,4.1291570439279704e-09,4.040761453531097e-10,2.0127923959162457e-09,7.172015829791149e-09,3.811514530825101e-09,1.7301846438578787e-09,2.0961262539338922e-09,2.2411531339962713e-11,4.076063790674485e-10,4.655805460513246e-09,6.639601244678771e-10,8.11450125340046e-10,3.8124837850585316e-09,4.729865766677899e-10,8.069157089464399e-10,4.484777255764352e-10,4.240098859525173e-09,4.217844326797482e-11,1.6798851815372248e-08,4.918268109270331e-09,5.921087593370826e-12,1.7622710061625837e-09,4.2068485662884137e-10,1.2243765936302146e-09
gas for industry CC,1.7996585455717211,1.7996856533400591,1.7997700851658625,1.7998483896493116,1.7996587412650564,1.7996618035035226,1.7997285517752744,1.7996582539857182,1.79969436182854,1.7997340184354147,1.799685492649224,1.7097100237059384,1.6197603144378536,1.439755489813946,1.2598167393027575,1.0798105280669619,1.7997701254073728,1.7997698320131807,1.7996943399851184,1.7996943682186919,1.7996583453865953,1.7996956320169237,1.7996944781409923,1.7996582601156865,1.7996850692951898,1.799694372242262,1.7996855469944588,1.799738423990619,1.799728168654942,1.7997699688862505,1.7996745455178766,1.7997385136474007,1.7996582571187978,1.7996857290557668,1.7996583474593348,1.7997699986098963
gas pipeline,0.7205026057232852,0.7205255094935509,0.7205969920763059,0.7206037896775593,0.7205991323759545,0.7210267700188321,0.7203909834905267,0.720309307153813,0.7203483184323843,0.7203136770808404,0.720352198226414,0.7204666090169104,0.7203915181646844,0.7205229460266376,0.720621555688596,0.720897969584289,0.7205676756510454,0.7205854220620002,0.7205910756973306,0.7205876200900204,0.7204765723683906,0.7205712954323451,0.7205372600169947,0.7204615994427856,0.7204285488489232,0.7204385108491926,0.7205070758748713,0.720502216224354,0.720423797971346,0.7204569141170074,0.7204093814451524,0.7205524683379093,0.7204977936806781,0.7205065596836618,0.7204890211471555,0.7205817793060816
gas pipeline new,0.007465630810825497,0.007220627432057306,0.0070449425955440865,0.006763553641827524,0.006512209158191061,0.006443728514755154,0.006445308960183632,0.005455406393719319,0.0037638410718641244,0.003767346100211301,0.004044688006490878,0.00724491655932725,0.006962663739363382,0.004747229574961454,0.0037243158324425855,0.003800958484275491,0.00739055672470162,0.007378635178470028,0.007181873027214691,0.007014360188468393,0.006903274998305973,0.0075717677429830675,0.007793104970808495,0.008180819911486151,0.008562140226031207,0.008697991546213717,0.007715867549372355,0.007991434649741799,0.008725421533381388,0.00940526203827353,0.009926067456364748,0.007422971147063959,0.007490483561883926,0.007542566045478224,0.007634885952356011,0.007631165658179591
generators-gas,7.218370479298819,7.093429875980356,6.961123122169401,6.697018778180252,6.466858800337453,6.233974824355697,6.491147053756258,5.8342465820225335,4.493351637770609,3.251639995574125,2.1143928532511187,6.754249737132365,6.394952816180405,5.122770695745261,3.737543474300072,2.353964262317459,7.114466985709006,7.017774246976608,6.8265475020615245,6.623351553518881,6.406413133787484,7.352370144133415,7.5569558622433295,8.046425618512231,8.544491574224974,8.975551015138247,7.461274368421437,7.78239806669284,8.531681712193175,9.129847878903794,9.129909808860958,7.2331515789140175,7.244549664551299,7.275527210231872,7.327514937799148,7.395795020586582
home battery,8.42654961265822e-06,1.2800195600924009e-05,2.401122449255576e-06,1.0930611308234827e-06,1.3723453874100402e-05,0.00030622086772332544,2.893960413667387e-06,1.0916190489207062e-07,1.299471052646837e-07,1.7278317927138203e-07,1.45706521390888e-07,1.668753500603181e-05,1.1215089672003882e-05,1.0234899328150544e-06,3.9703933402997464e-06,1.4093272627990736e-05,1.4603246333785195e-05,5.3365171802168495e-06,7.17912660330815e-06,7.428872504984939e-08,2.091334933594823e-06,2.0227278592309295e-05,2.9390428934236103e-06,2.872756203581732e-06,1.04561766055446e-05,1.598260194163462e-06,3.074041722230187e-06,1.734422293258092e-06,1.14252535116084e-05,6.80517315332886e-08,9.24491081816622e-06,1.6811696291271777e-05,2.6584800598887474e-08,6.599784267363875e-06,2.013742598422847e-06,4.165814160391302e-06
home battery charger,5.29175716789194e-06,8.24642657626609e-06,1.6170814353915444e-06,7.584773772288388e-07,9.176275842155923e-06,0.00021424966741261128,1.863381254557504e-06,7.044591440755031e-08,7.947597260913453e-08,1.131786287754431e-07,9.087314057944804e-08,1.1100596459466001e-05,7.541613186653403e-06,7.41892700931686e-07,2.8365300218547323e-06,1.0114682150787164e-05,9.138649685693183e-06,3.4131942053517853e-06,4.492907100154108e-06,4.6653517474843133e-08,1.3664479345693732e-06,1.3005798184009993e-05,1.9708060641731477e-06,1.9491799450283675e-06,6.831272303697275e-06,1.0944823425333353e-06,2.023770205968513e-06,1.1407825884122246e-06,7.090524338153317e-06,4.158969067411005e-08,6.175803667346654e-06,1.0812746645918889e-05,1.789281071579495e-08,4.283081172414017e-06,1.3616824072522371e-06,2.625455875356061e-06
home battery discharger,5.319218188123761e-09,9.156965339219129e-09,1.546423898334543e-09,7.495423377249253e-10,9.756313302236583e-09,2.420992308740585e-07,1.7489846310770277e-09,8.016139634227727e-11,8.286645985404766e-11,1.2239353040387656e-10,9.67339047599665e-11,1.2392503404873928e-08,8.260465542616508e-09,7.927761487528596e-10,3.061408637851995e-09,1.0073536370702056e-08,1.004038995708214e-08,3.5049134231702483e-09,4.591377687814008e-09,4.9778618913365115e-11,1.3367772690269273e-09,1.3464349646989121e-08,1.9571799458352218e-09,2.1215856057137593e-09,7.920040697572083e-09,1.146504434325021e-09,2.14107401960194e-09,1.1189251046833083e-09,7.548396344953668e-09,4.147780956630715e-11,7.2449275828938576e-09,1.2453639826250017e-08,1.8005190174532812e-11,4.518190115932688e-09,1.3158165512210731e-09,2.6441005251241984e-09
hydro,18.347343261176555,18.347330143191797,18.3473433904796,18.347414113187966,18.347343153669385,18.34741339026967,18.347239764942184,18.347353679761778,18.34735380039191,18.347239748819195,18.34733015525979,18.34734336064955,18.347239726885096,18.347343415251515,18.34734843144283,18.34723989700196,18.347343373424714,18.347343406133632,18.347343393371855,18.34734862903818,18.347343221787522,18.34734336433984,18.347343406522175,18.347353713199524,18.347239847515358,18.3473486443745,18.347239927427342,18.347343401024172,18.34734828603755,18.347343383495215,18.34741409248663,18.347343355844757,18.34735372003324,18.347330182066166,18.347343293326627,18.347343405031932
industry methanol,8.56742299533952e-05,8.980434618960984e-05,8.933064305740611e-05,9.168359523839473e-05,8.56742299533952e-05,8.980434618960984e-05,8.832274749423155e-05,8.56742299533952e-05,8.979712579890487e-05,9.099253472717542e-05,8.980434618960984e-05,8.530726950900705e-05,8.189328125453489e-05,7.183770063915798e-05,6.185992943141457e-05,5.3882607713773655e-05,8.933064305740611e-05,8.933064305740611e-05,8.979712579890487e-05,8.979712579890487e-05,8.56742299533952e-05,8.979712579890487e-05,8.979712579890487e-05,8.56742299533952e-05,8.980434618960984e-05,8.979712579890487e-05,8.980434618960984e-05,8.837132775911236e-05,8.832274749423155e-05,8.933064305740611e-05,8.980434618960984e-05,8.837132775911236e-05,8.56742299533952e-05,8.980434618960984e-05,8.56742299533952e-05,8.933064305740611e-05
kerosene for aviation,0.0068694342719932385,0.007504566498586083,0.00748257049863692,0.007854399344961498,0.0068694342719932385,0.007504566498586083,0.007361301650498538,0.0068694342719932385,0.00678018662889682,0.006713148395572101,0.007504566498586083,0.00678018662889682,0.006713148395572101,0.00678018662889682,0.007935409951723411,0.007504566498586083,0.00748257049863692,0.00748257049863692,0.00678018662889682,0.00678018662889682,0.0068694342719932385,0.00678018662889682,0.00678018662889682,0.0068694342719932385,0.007504566498586083,0.00678018662889682,0.0071293381736617,0.007141868956552017,0.005889041320400587,0.005237799349048522,0.00450273989915523,0.007935409951723411,0.0068694342719932385,0.007504566498586083,0.0068694342719932385,0.00748257049863692
methanol,0.4885941348404701,0.5288885542403754,0.44123068167842644,0.4638508963061216,0.46673594156500126,0.585475995221353,0.4734428805080605,0.4883663264245711,0.42050786736924006,0.39577544033152134,0.36756084694568164,0.3562688476240739,0.4425387820956557,0.4992576734017727,0.4915396852147445,0.3694864308174132,0.4647467379136012,0.47301455964090733,0.479976555676726,0.4972237832700092,0.4884935119354722,0.3194248318375707,0.50449589208719,0.48081939762761067,0.4722298794110522,0.5716642463487118,0.4238465922391968,0.5813944375638457,0.43309624882220893,0.43709223788264573,0.409883535315218,0.3790716012690119,0.49470929511181183,0.499187729091753,0.7560715997373019,0.9798771149911554
methanolisation,6.601642989822528,6.596342300253993,6.591475807057387,6.580979139109049,6.5787322721584145,6.576170150593938,6.5989847756418,6.585419397932477,6.564667443365259,6.637259560546846,6.78278338914848,6.570897369668374,6.52839904549021,6.484622113650919,6.470700369416626,6.462747265927916,6.600574642863106,6.598085540863494,6.591709899688427,6.586495126273449,6.5806703073317765,6.2827980632766325,5.967465799075946,5.339164843458002,4.736255037613438,4.133291344541754,6.602009539502349,6.60223702635844,6.611503042021704,6.658791412007936,6.690205357468997,6.601280929560369,6.601160275680652,6.598807467725016,6.600821542246903,6.600271330007841
naphtha for industry,0.0028040711869663027,0.0030976256208288663,0.0029831218917728934,0.003338344057009698,0.0028040711869663027,0.0030976256208288663,0.0033104066265680567,0.0028040711869663027,0.0030638853660759817,0.0028752360920382917,0.0030976256208288663,0.0029106910977739066,0.0025877124828376985,0.0024511082928590617,0.0022750469406103498,0.0018585753724938339,0.0029831218917728934,0.0029831218917728934,0.0030638853660759817,0.0030638853660759817,0.0028040711869663027,0.0030638853660759817,0.0030638853660759817,0.0028040711869663027,0.0030976256208288663,0.0030638853660759817,0.0030976256208288663,0.0032500670580121725,0.0033104066265680567,0.0029831218917728934,0.0030976256208288663,0.0032500670580121725,0.0028040711869663027,0.0030976256208288663,0.0028040711869663027,0.0029831218917728934
nuclear,89.36925944026896,89.37373524966112,89.3716855880166,89.37309583148156,89.37731570449363,89.38341377155723,89.39439788752742,89.43043035190684,89.52387449420002,89.59108129034462,89.65779737471485,89.35624978588497,89.34402228267456,89.3303102754003,89.3206025324092,89.31227768156447,89.37129774530004,89.37357050046874,89.37537532768397,89.38350317969548,89.39132482601953,89.36184712710418,89.35606184346075,89.33618752711014,89.32259295802825,89.30878507522337,89.3635250125102,89.35469321849175,89.34070561488504,89.35110142492893,89.35170940594577,89.36932747214296,89.36785003631277,89.36502185078204,89.36375634048211,89.36282985700078
offwind-ac,22.77596686073809,22.706679871571495,22.486804371184547,21.094527766503237,20.673183620734317,20.25080070864942,22.580104882540642,21.98556591090571,20.384771227515657,19.41677312726764,17.737495356671364,22.484550974381097,21.907730498374086,19.87350601353548,18.7787585709972,18.1674490631283,22.7307825802104,22.683987820938434,22.44606657539478,21.65951413465556,21.012017057745165,22.711211636103965,22.632190206921617,22.33522678619645,22.142994978504333,22.052746735960802,22.66957700892738,22.558653510658225,22.37583854470637,21.459065234284566,21.209262686854448,22.760687171824223,22.733881955055413,22.70096427647509,22.644286629408178,22.607793276360216
offwind-dc,32.733616384592956,32.47475889715943,32.06749593295705,31.65801964178751,31.0785582520809,30.69467061144859,32.010231951823904,31.650839361644096,31.00138957452109,30.582694861266475,29.789989246089416,32.061547728402076,31.604750168612792,30.781770696742353,29.985805982942626,27.955528983856414,32.64866775308528,32.548376187759175,32.24732941839064,32.01933076997229,31.749323984891248,32.35302568560817,32.08256999005444,31.758394735455525,31.52844705083213,31.43698807213384,32.35131217096228,32.16097233226254,31.761620201753022,31.473708112767493,30.894512642266506,32.640071328883145,32.56076651283907,32.405616246748785,32.37088226768071,32.313716870330424
offwind-float,3.8769259633988087,3.2957868147686242,2.9557672166211932,2.955767349922524,2.9557583407978307,2.9568615398235947,3.354621970667101,2.955763505464509,2.9557658153892663,2.9557598698642265,2.729596119564899,3.1627378271763877,2.955788541325683,2.9557395111691416,2.9529643484341945,2.283651361289973,3.5854227233486866,3.305405303129013,2.9557542480813357,2.955739517242223,2.955725343464829,3.7746079103171795,3.6202557533169255,3.5337057810640324,3.453606313882359,3.259060577791542,3.6557858715182334,3.4838425515740856,3.2069939664,3.1151177356546205,2.955738167381963,3.833001124645566,3.790860984827922,3.7169828209427176,3.6035205179568504,3.50484348950505
oil,3.1699671411192583,3.377088820399358,3.596485072425567,4.034121041678005,4.416119694608819,4.802064783386814,4.375319426504367,5.464824156099322,7.688395328969916,9.747519505347126,11.633511543368668,3.939570842058167,4.5351148244455315,6.644641501133599,8.941936949951355,11.23575978667589,3.3419483234312404,3.5022871882884687,3.8193757053435484,4.156322323887926,4.516349785572562,2.9474389165808907,2.608187598372024,1.7964387867529374,0.970373896638293,0.2558365466069028,2.766948641017143,2.2346146452614044,0.9921204787586132,5.4644081674376005e-09,4.1632056067212745e-07,3.1453968751146757,3.126160862959898,3.0751273711686014,2.988984181050268,2.875694621727846
onwind,165.20625419681176,163.56220754550296,162.06841907006847,159.33703934755061,156.06279974912388,152.06291651079846,161.94162154405453,158.92816984700485,151.526371626178,143.84539420615724,138.5240961326525,161.86423924744972,159.09751298530557,152.28694219490623,144.98596990429454,137.65520463383822,164.14371674435264,163.00520749524603,161.11998407170384,159.46348079873258,157.5848295094015,164.58279510086038,163.8859679580628,162.40150913657084,160.6916608219498,158.77827508533812,164.30572442593646,163.25140891494948,160.7809939960102,158.2942013525664,155.85678696082826,164.98796870014058,164.76683931432788,164.32139838316928,163.83008810246915,163.32268822440165
process emissions,2.3501294305508624e-12,4.013236550599598e-12,1.073761710206011e-12,5.317651240371745e-13,4.209521816581018e-12,7.658528906926885e-11,1.0946598573915672e-12,3.921227396699503e-14,3.0965080776466596e-14,5.777443927262823e-14,4.898451554403716e-14,5.3033564512644975e-12,3.7385360663245165e-12,4.812816521460304e-13,1.5665988123669042e-12,5.999865763978372e-12,4.087412612567098e-12,1.882571210472676e-12,1.8226646657066804e-12,2.2276812880117298e-14,1.0087017094334964e-12,5.1311996446966426e-12,1.3110471661680215e-12,1.4318138940737654e-12,3.0121831877598894e-12,7.801255523370196e-13,1.1681002458567664e-12,7.32113469742253e-13,3.122827161752042e-12,3.050057246978034e-14,5.121223614751772e-12,4.093983207509197e-12,1.2681732212376532e-14,1.7438389898531483e-12,1.0875255041636307e-12,1.258538393974289e-12
process emissions CC,4.722432825879331,4.722407771229068,4.722436716002392,4.7224733899228255,4.722432855832451,4.72240910278742,4.7224246300104715,4.722432788942213,4.722504752145799,4.722393065461835,4.722407718352643,4.703766089674802,4.684916528270497,4.647549820394354,4.60999578993178,4.572500987564117,4.722436766065169,4.722436727743489,4.7225047826392,4.722504751895403,4.72243279553447,4.722504849229817,4.722504762132351,4.72243279843261,4.722407759630432,4.722504757235047,4.722407728924785,4.722426312533624,4.722424668564872,4.722436707346726,4.722407745100919,4.7224263805279945,4.722432788613136,4.722407748025648,4.722432795367219,4.722436724740605
ror,14.259079506557246,14.259088705992893,14.259089547147894,14.25909323335449,14.259078483109215,14.259054991683904,14.259097200332514,14.259093464822143,14.259093147784133,14.259084439512424,14.259089707414516,14.259078634028267,14.259083761296232,14.25908093139702,14.259088859583454,14.259095381710017,14.259079370638446,14.259080131905913,14.259080206130623,14.259081029370995,14.259079934050428,14.259079634983841,14.259080723833812,14.259093161974056,14.25909607046107,14.259080908906329,14.25909080104738,14.25908963463105,14.259088799661566,14.259080772266302,14.259090261486259,14.259087988771661,14.259093496317528,14.259089390238426,14.259079948589989,14.259089383794432
rural air heat pump,7.779602342516225e-06,1.3503012396422177e-05,2.165767815353685e-06,1.0093246442585984e-06,1.581529940517484e-05,0.00037197199956146313,2.6598039335014178e-06,1.1432671343928373e-07,1.2937441061307555e-07,1.7107396380410276e-07,1.5927894005354956e-07,1.747277424878205e-05,1.1571189643388117e-05,1.1071211590787168e-06,4.849656478687441e-06,1.716116463029082e-05,1.4984916996317766e-05,5.369130174075893e-06,7.278963912881689e-06,7.51623797517491e-08,1.7688548978585758e-06,2.0166268397138373e-05,2.643140680899796e-06,2.772818938798657e-06,1.118197555521964e-05,1.5123776081853331e-06,2.933466035203764e-06,1.5796607065877287e-06,1.2044145438797836e-05,6.190870558095533e-08,9.15347323244081e-06,1.8404154766754793e-05,2.4198261599617816e-08,6.605981873488912e-06,1.7423091299796525e-06,4.1132525789337e-06
rural biomass boiler,7.4426131839372705e-06,1.1981679331577022e-05,2.136231119707676e-06,9.65294274840401e-07,1.4311471995759545e-05,0.00033031226451906207,2.6554819302171645e-06,1.0246494564368582e-07,1.46777223097538e-07,2.017835238506421e-07,2.4199640796390424e-07,1.837881537271073e-05,1.4493053835208357e-05,1.9127951897225538e-06,1.0087410461682777e-05,3.7933076173512353e-05,1.3285998684589015e-05,5.024879278661038e-06,6.767903841471267e-06,6.957173359424823e-08,1.7130108992205612e-06,1.9606597654595713e-05,2.64964756169345e-06,2.6936656641572704e-06,1.0796332152963763e-05,1.609985534652754e-06,2.7779742111958476e-06,1.6661462712108873e-06,1.2334255309625452e-05,8.658535420537396e-08,1.0890805783932716e-05,1.629961590604795e-05,2.3660887014345942e-08,6.230815661305835e-06,1.7777730209194622e-06,4.079865076623019e-06
rural gas boiler,2.840962417591227,2.8206818324573675,2.8079106024732585,2.811722664963881,2.814289487487137,2.8377757921107367,2.6618713337103848,2.4892376957428692,2.1758425532502086,1.8012765547174867,1.469286048308534,2.894726495135765,2.944717840847169,3.010364306717328,3.038955506901819,3.0864835312011163,2.83974611550082,2.820560575646003,2.795003250389108,2.7838254284908754,2.76052144701602,2.864295528177435,2.9026876209178867,2.9577332129462732,3.012353072796722,3.05293114137793,2.8899230589488294,2.9309209171376347,3.0260286444991027,3.128123503706182,3.167122595627878,2.8418267403471518,2.841786457659561,2.8520391129029785,2.875464030281086,2.893497687816864
rural ground heat pump,42.1315303692598,42.14663867537313,42.141729111836334,42.110043204217604,42.07419076803588,42.0388203227263,40.201979936428366,38.235860056665686,34.33498134833248,30.5144814022476,26.69045327653065,42.05694808488121,41.972442545017266,41.87841832339015,41.88193894603978,41.874441062850515,42.13864167455753,42.1632740003515,42.181715602879244,42.190205463475806,42.20449457198613,42.10320385830363,42.04849239636483,41.96559794563781,41.88046655933624,41.83479832946328,42.06350911833584,41.99652778737367,41.849527549796605,41.68062178856522,41.62354497748736,41.92563868908535,41.72200931612812,41.29474561198976,40.87483533782906,40.43108974963135
rural resistive heater,0.9625629185783801,0.9639375234660725,0.9660754569938427,0.96851080949078,0.9717523422730673,0.9717425208909635,0.9194497061535412,0.8813365041853729,0.7944370502546761,0.7084617996307027,0.6151402370308175,0.9643365036998087,0.9684839050548154,0.9713405193962414,0.9734130088668258,0.973873628743679,0.9613480451963994,0.9613256122632529,0.9622546937536701,0.9651665022142157,0.9706458169059643,0.9625434127057247,0.9638592751461161,0.9638602667381714,0.9623003916459837,0.9602940940271374,0.9616194748701173,0.963037056614834,0.9620760943018294,0.9594296806507419,0.9580889888725659,0.962952097959719,0.9638702034108712,0.9652876714084928,0.964661180871886,0.9678787290423361
rural solar thermal,1.5846759025564184e-06,2.3514757260496345e-06,3.9557235144707436e-07,1.8421622319853232e-07,2.712371774093564e-06,5.6556358588404615e-05,4.809932786532989e-07,2.215693939534636e-08,1.9314943417482723e-08,3.395939623130148e-08,3.072814301009467e-08,3.187477944847264e-06,2.0259346193154696e-06,1.9006225948066373e-07,7.301243872814362e-07,3.3376134339246986e-06,2.9400881650967182e-06,9.704395827098624e-07,1.5083832350344597e-06,1.2650778493776325e-08,3.1475820703023754e-07,3.630896777720571e-06,4.6276458676386147e-07,4.80457816369109e-07,2.0405189546908567e-06,2.702942614754811e-07,5.250095029514453e-07,2.8234565696492813e-07,2.261274046814693e-06,1.1068664318049412e-08,1.5569765800384765e-06,3.4707159633742086e-06,4.364188561120117e-09,1.3498172294902029e-06,3.163785847476111e-07,7.896184015296685e-07
rural water tanks,1.04414314349582,1.0366745881133677,1.0307064707917284,0.9996445424544744,0.985043535638654,0.9793800577756101,1.0042844776945705,0.9540415200087858,0.8814752888172402,0.8134710039788928,0.7477117003017518,1.0184802073911678,0.9835565582927283,0.9379769444892094,0.8787483091584741,0.8492084786483748,1.0424005805421535,1.0436159259285556,1.0425228781691003,1.0375109284131374,1.0276969891948806,1.0378900691587751,1.0315314231243131,1.0246217746016593,1.0124917525528443,1.0051507897589165,1.03765224070652,1.030231319790718,1.021877566363267,1.0170366030204028,1.005379420076177,1.0308633901508266,1.0192462395139086,0.9953285964842722,0.9700192570546601,0.9450266969623744
rural water tanks charger,0.0015310275092752584,0.0015594035877534323,0.0015265391522430833,0.0014977223714957332,0.0014569937346506506,0.0015037617757934867,0.001470886884153938,0.0013887650025971848,0.0012878124010463159,0.0011640658175905004,0.0010824587542244844,0.001515768974364491,0.0014450258452644224,0.0014029701361129355,0.0012796188005218111,0.0012839183192141894,0.0015414723450000508,0.0015419318045484082,0.0015469655211210733,0.0015416911784202228,0.0015125104364476026,0.0015437213071199589,0.0015356817960847278,0.0015067174718582195,0.0015282683821611727,0.0014971415656120518,0.0015615060754564974,0.00149383100202338,0.0015053887138641925,0.0015046357666280747,0.001507021516690352,0.001494709592883986,0.0014975235781490843,0.0014993801561125357,0.001430721583694477,0.0014058944822320073
rural water tanks discharger,0.001105575100445781,0.0011416836325302863,0.0011049860447664762,0.0010636927135366635,0.0010550140818988709,0.0010993364078768185,0.0010399455625921213,0.0010048325497604867,0.0009003981164558016,0.0008477342448500168,0.0007904226561010533,0.001060600459808133,0.0010583160337636279,0.0009874124597058424,0.0009557814544152726,0.0009463879562538734,0.001115892044883864,0.0011167637376923193,0.0010831690191563039,0.0010807199683604126,0.0010965779365469078,0.0010781150378569866,0.001072657156635507,0.001089794530068421,0.0011200351595596855,0.0010482715239475355,0.0011431133655799316,0.0011086065088927663,0.0010647997371142773,0.0010894146327566714,0.0011040482546394044,0.0011083736655252967,0.0010813587657945308,0.0010984850999685998,0.0010332880174419813,0.0010192388574206165
shipping methanol,0.004920210958872619,0.004912010219687162,0.005023454949426251,0.0051614545966596394,0.004920210958872619,0.004912010219687162,0.005036943335698315,0.004920210958872619,0.004872990222838245,0.005066199374796809,0.004912010219687162,0.004872990222838245,0.005066199374796809,0.004872990222838245,0.005009945730493553,0.004912010219687162,0.005023454949426251,0.005023454949426251,0.004872990222838245,0.004872990222838245,0.004920210958872619,0.004629340711693061,0.0043856912005522585,0.003936168767096438,0.003438407153781575,0.0029237941337020125,0.004912010219687162,0.005009945730493553,0.005036943335698315,0.005023454949426251,0.004912010219687162,0.005009945730493553,0.004920210958872619,0.004912010219687162,0.004920210958872619,0.005023454949426251
solar,26.731472267948188,26.43671194995585,26.03854074730475,25.22671992746429,24.72634982574685,24.297589979093356,25.574613924013615,24.208014022524026,21.252686378560888,19.407702624059752,16.741567459209413,26.832490912374883,26.609517971256718,26.63276175164252,25.838251289846745,24.771607323744718,26.36273907590044,25.916135858662606,24.94553032819055,24.14619989580145,23.43088442343326,26.860159024335793,26.96382509722241,27.02297196061164,26.891455109011094,26.883378826087323,26.859625145037235,26.77293313453326,26.65901655656206,25.518290874591568,25.65241351864585,26.72048577359991,26.728740258266527,26.754239546782337,26.735740462212362,26.631234317399446
solar rooftop,29.934870696992107,29.62488648053316,29.384401979149114,29.081147296240562,28.818287042634612,28.42478279044226,29.517807261552957,29.084861574154885,28.55155683081127,28.019572012532464,27.137946585573285,29.72716133293897,29.7532542840878,29.304809541341488,28.7333909176543,28.3120015989269,29.39675534803368,29.115213581007986,28.506733509551964,27.618762827457672,26.695522493126397,29.990058260987272,30.00938420725639,30.03573840992054,30.061044055515342,30.070773911225608,29.915177674357917,29.922688870058288,29.878825961665036,29.59125776054951,29.36496974419125,29.927753678631642,29.906682536641718,29.872988462007914,29.820949148555645,29.77715672238051
solar-hsat,57.873624404310426,56.936570357336386,56.0306550298927,53.96540144564211,51.47673263195699,49.29948720571742,57.71429094231835,57.62071994618001,57.798332891708334,56.908112471703916,56.76355961819957,54.83146841591486,51.56049521240989,45.73279251726686,40.60634858247168,36.424810430200914,57.48244399422681,57.00630505288257,56.05556965637881,55.1206370854971,54.3176448396918,57.02146286835347,56.20173774872671,54.75149909986881,53.57340514033949,52.26018571351253,56.78256574076749,55.872021542968724,54.23239176520365,54.08232554946353,52.30802983554725,57.67354140765314,57.470947847053154,57.024053425389035,56.617513872853785,56.30807093686234
solid biomass,16.19557794647028,16.195489627770826,16.195489627774336,16.195577946472195,16.195577946467942,16.195577946323013,16.193533130201367,16.195577946472387,16.194378702562805,16.193533130202034,16.19548962777479,16.19437870255773,16.19353313019792,16.195000494444322,16.19353313020021,16.193544798954633,16.195577946468042,16.19557794647065,16.195000494442446,16.193533130202063,16.19557794647202,16.195000494439817,16.195000494444063,16.19557794647166,16.193544798957696,16.193533130201676,16.194666159394277,16.19500049444428,16.193533130198286,16.195577946472397,16.195577946469214,16.195000494439345,16.19557794647242,16.195489627773046,16.19557794647204,16.195489627773643
solid biomass for industry,1.8429705465071287e-11,3.558035962002997e-11,4.382147398682879e-12,1.7435952670910576e-12,3.811984666192911e-11,1.2177422698417671e-09,6.72549688446352e-12,3.049818272341747e-13,3.4658513806534837e-13,3.968770115600227e-13,4.896203030419614e-13,4.127841469376708e-11,3.4121014168357e-11,2.827635000687707e-12,1.037317506447201e-11,5.076027131685461e-11,3.784074398201224e-11,1.520044511731787e-11,1.762322762264015e-11,1.828293281695284e-13,3.379593392919855e-12,3.891242937194158e-11,5.045857356882869e-12,6.942187064053783e-12,3.466514419891545e-11,3.5747326894762193e-12,7.54328146105575e-12,3.290750999104603e-12,3.83593286723695e-11,2.366988714667087e-13,4.666666624400473e-11,4.197416597543589e-11,4.991380789186278e-14,1.6071013907779795e-11,3.3502939657044352e-12,1.0549072737383304e-11
solid biomass for industry CC,9.846729778103299,9.846849751024973,9.847828848395247,9.847052046392681,9.846729789383883,9.846849850576836,9.846571088718983,9.84672975750004,9.847563201868846,9.846825968513157,9.84684972647803,9.355185076395268,8.862143385838877,7.878050563363663,6.8931116408132285,5.90810985734661,9.847828864855945,9.84782884875341,9.847563214093094,9.847563201832935,9.846729762915727,9.847563264738662,9.847563209501704,9.84672976267846,9.846849736712318,9.847563204996092,9.846849732073062,9.847302332469521,9.846571099455044,9.84782884179029,9.846849709789936,9.847302359200832,9.846729757416682,9.84684974327939,9.846729763042488,9.847828849979761
urban central air heat pump,20.004648060475052,20.16385435799328,20.303807668612205,20.484905778791706,20.69495074594443,21.06537793868756,18.03744368368895,16.033987590602496,12.540357806515768,9.017134911607718,5.510304676441053,19.569551930958472,18.898658773236146,18.511941389638768,18.435912031669922,18.431906251814244,20.127827094889977,20.254653139979794,20.447846418480935,20.5842933807702,20.74390289586084,19.956596093526567,19.929601641239888,19.724816098482403,19.458676829857833,19.29774339508262,19.97706340683632,19.932228126947077,19.733712502554393,19.55474122253634,20.102305616985745,20.014289113279744,20.023913738973057,20.03370601299941,20.047431982214935,20.06255157346875
urban central gas CHP,5.111886507112275,4.94249468874868,4.775826768009629,4.44882482757699,4.0744660376457436,3.7528886121809815,4.807483237360456,4.488670059773719,3.777696704135797,3.2639521106662577,2.844942515063989,4.818735253273433,4.521903247088129,3.9153061194542733,3.519443915613744,3.1495835058045074,4.981700786341523,4.865775204200706,4.643521521499728,4.4184575172404355,4.215826971041533,5.134251717212763,5.160756540616539,5.21866462448542,5.304794155163118,5.3918737676414805,5.169040389161469,5.209427814414919,5.325970679348625,5.407092294999828,5.391321488337955,5.100395897387656,5.088947762258682,5.061374793737092,5.033108871983751,5.005285796238044
urban central gas CHP CC,3.5585647518196783e-06,5.863009267777233e-06,1.02062484329914e-06,4.7327541259719083e-07,6.8091614764212985e-06,0.0001462392124004098,1.2087496450027511e-06,4.7819406670732446e-08,5.306061689199791e-08,6.9213695098168e-08,5.590738704819732e-08,7.620575322105575e-06,4.635862794371656e-06,4.3368221066851453e-07,1.8209581897234674e-06,6.121851515339617e-06,6.649671633230797e-06,2.269921279986941e-06,3.1325474525993544e-06,3.2069238738936314e-08,8.162486980793101e-07,9.512328400361593e-06,1.2508072034470116e-06,1.2347771652795824e-06,4.7157762867116995e-06,6.838484752753579e-07,1.3311219555012281e-06,7.373942921259647e-07,5.027336197171294e-06,2.7105666995100276e-08,3.772432042166942e-06,7.995834679654467e-06,1.1348515237376353e-08,2.9712842450776413e-06,8.406095248577797e-07,1.8604776602014268e-06
urban central gas boiler,0.6757563473605092,0.6808201410247636,0.682745205441603,0.693690161710251,0.6999568676755793,0.7011725104389993,0.59322777694599,0.5275452615411234,0.372695003419572,0.24244601966061968,0.15790330241220518,0.6849334927776094,0.7372001900455643,0.758840231604785,0.7612078222036228,0.7402135954772602,0.6774127626715857,0.6792378330117245,0.6851938306568941,0.6909414734344241,0.6901155194610239,0.6963003709944303,0.7287960415547028,0.8234384502695116,0.9037016683200016,0.9538857077823826,0.7111180090364828,0.7660787849386025,0.9020760939542485,1.0121067206466154,1.0240713756920101,0.6803698831239784,0.683750957818166,0.6921213960793784,0.7037629333768926,0.7162170880462825
urban central resistive heater,2.438878172962412,2.4049824006925724,2.376888862577794,2.3338987567338503,2.2784106374622968,2.214244991268876,2.345177789044791,2.253825934465446,2.0059197331630276,1.7556866778633509,1.4951704797595626,2.384822367315192,2.33211813234625,2.238387041104364,2.1389313204731795,2.024726123256625,2.414841395207283,2.3857215273213037,2.3373132200526263,2.3093290574111545,2.277215549098206,2.43631915440974,2.4244334147796853,2.392457593122083,2.365447022442784,2.3397886492873607,2.4323622220860672,2.4148807943118946,2.3620693840049696,2.3188997003420853,2.3240985894694157,2.4371919826911688,2.435386107215694,2.432420933322839,2.425114140184216,2.41629499132389
urban central solar thermal,2.1431371996973485e-06,3.1842487239230323e-06,5.872919219477304e-07,2.738553668781713e-07,3.5826353285499557e-06,7.629544633849938e-05,6.905943065167751e-07,2.7905189353140518e-08,2.5096127403865577e-08,4.227281002211332e-08,3.6319686585977435e-08,4.280735236520064e-06,2.6973633119138386e-06,2.677759267925008e-07,1.0281687202938194e-06,4.3701061455609065e-06,4.235436887972686e-06,1.3038109059965647e-06,1.9741493240687804e-06,1.7640206675938347e-08,4.791481142020957e-07,4.8614411047166515e-06,6.973015613392134e-07,6.82068137302437e-07,2.8186126458670035e-06,3.951363221773501e-07,7.578244139004114e-07,4.1670666821049776e-07,2.9668511069917534e-06,1.5372272511442065e-08,2.157811995333017e-06,4.43844232656077e-06,6.461545901738321e-09,1.8067494636092602e-06,4.866310772555055e-07,1.0527419568581962e-06
urban central solid biomass CHP,6.5462955976131616e-06,1.0432479884381501e-05,1.7758273147573438e-06,7.730825796026109e-07,1.1138506660048952e-05,0.0002892805843741635,2.262358917246486e-06,8.490833972830485e-08,1.2315578256723197e-07,1.4931412081093523e-07,1.6348704745237187e-07,1.9071587080906134e-05,2.716219329324432e-05,1.285917255824155,2.1168344752421593,3.3582006877919635,1.1946229616377724e-05,4.60119441168371e-06,5.840360346639556e-06,5.747710171403279e-08,1.366018076234155e-06,1.6524980043112097e-05,2.3748293537752445e-06,2.75055123453868e-06,1.2506941238567659e-05,1.9354713309715357e-06,2.557510542015825e-06,1.608388075168212e-06,1.4443785135848275e-05,0.6436866563272349,3.1100847329504706,1.4368866288301275e-05,2.051491887106072e-08,5.46788989192555e-06,1.560390688743636e-06,3.6836033219619222e-06
urban central solid biomass CHP CC,25.556015524859195,25.594196314863627,25.64122710052628,25.72310501532739,25.76115833686271,25.809011248320363,25.53725532169437,25.45672279580671,25.069075474901183,25.059354554451474,24.05171194927762,27.635473322806348,29.46212324470966,31.125556294667987,32.90092747579522,34.15466601028952,25.57446227786418,25.600555836549848,25.64281675653358,25.696982966059473,25.71953121139781,25.541769920115858,25.521479533622163,25.471600367663342,25.421185880919015,25.347932485921387,25.51395238081361,25.4611062342208,25.329080175863773,24.427443000418894,20.89012768344466,25.552470106907442,25.54940594496131,25.544933233038687,25.530436383285238,25.52043656834226
urban central water tanks,19.644051451386243,19.55900653309621,19.439607392069615,19.268315515972816,19.118248407880696,18.952136279759593,18.523844246589857,17.32325153745798,15.387610855804024,12.74184750541442,10.257032023977633,18.910583608738047,18.213515681994277,17.10175009075974,15.978098385231377,14.962612063952843,19.59250100467138,19.510269220820504,19.3581341778874,19.234483173390394,19.138043298262723,19.60922231744284,19.477246560157408,19.043650487797997,18.67866384926046,18.516710545507188,19.51485686776195,19.22679537800594,18.57995276881092,17.830621563610663,17.514571595990294,19.63147130567468,19.619741677495174,19.59434971476073,19.54744630617359,19.47422772595175
urban central water tanks charger,0.011252531014637185,0.011685897982037136,0.01176415646061765,0.010916941691819608,0.010953313592524183,0.011326591187923389,0.011027115055827466,0.010589884640804084,0.010412736487988268,0.00964672689429168,0.009216914103651986,0.011325146100585473,0.010780871907964519,0.010210615158623247,0.00936517237130942,0.008722845967364855,0.01185412684205497,0.01182247895036728,0.01158123192549646,0.011511478559098804,0.011000228013948829,0.011672953218631503,0.011598815150572268,0.010960254301538793,0.011222672657077697,0.011035610550611242,0.011612622184172122,0.011483182638512243,0.010736408348945169,0.010737132258715813,0.010192217039184732,0.01173991688200397,0.011229489782829631,0.011675843547204162,0.011168837785309131,0.01173261942263034
urban central water tanks discharger,0.005853428638454522,0.005998064035817117,0.005902755212424746,0.005663102884821104,0.005696132586341988,0.005780428169887404,0.005891984989197376,0.005726131422886911,0.005625056757241946,0.005469404433285571,0.005582006572771736,0.005855729329476219,0.0056449507142913745,0.005283346990081605,0.0046143333463574835,0.00447396714594502,0.005946756450734318,0.005931480903414557,0.005956774058377622,0.0059183537718602705,0.005719188275033598,0.006008613006973283,0.0059815816984455355,0.005761676761849136,0.005826993140816496,0.005737537431186103,0.005958178134341058,0.005674024999453866,0.0056984560475427,0.005478872322128129,0.00525951140280889,0.005772603291907438,0.005840541714704914,0.005988443095994537,0.005808911943877813,0.005890863899653933
urban decentral air heat pump,37.01030439335817,37.0308576605697,37.09458064476647,37.14697109020387,37.11047539668574,37.15933851392418,35.137231802301336,33.20470728535706,29.450825819328706,25.70269008840437,21.761115350448296,36.95003899812296,36.853175864920715,36.68541567399779,36.446007421735864,36.14841404080753,37.02956746721725,37.06707492296826,37.12631628549734,37.1394162068939,37.16816358370901,36.944147336509616,36.81232406218624,36.59337980791204,36.39148844532168,36.22994068349411,36.8659357574312,36.70973227209223,36.37235050408987,36.01575862180901,35.93120656874474,37.00356826432561,36.993613571719614,36.97251072366681,36.941479438557,36.885500704594484
urban decentral biomass boiler,8.634500381140727e-06,1.3514065053408843e-05,2.491051180592498e-06,1.111196173377623e-06,1.5673388520148396e-05,0.00039907872104601936,3.175668802972055e-06,1.2275960364398222e-07,2.240711460264791e-07,4.379024778201097e-07,0.7075363648206437,2.3959158222393312e-05,3.157969001016583e-05,0.7199183996084049,2.0195821589041714,3.538146456578868,1.5606371098673888e-05,6.071469097612358e-06,7.861105542084022e-06,8.018011782888971e-08,2.0002776619222337e-06,2.171086934786137e-05,3.1279584585815832e-06,3.3214606931366395e-06,1.3809136541179474e-05,2.067864935233513e-06,3.33510173602793e-06,2.023347867903069e-06,1.568208019440247e-05,1.6567247266473573e-07,2.2863537877870185e-05,1.8622718901591684e-05,2.773806583995516e-08,7.128455397548263e-06,2.109621233176443e-06,4.787533074029558e-06
urban decentral gas boiler,9.74074093923743,9.669478035593498,9.592641920367772,9.442372403314597,9.33140153757444,9.169807597106303,9.061141200622824,8.434875685506707,7.155527492066452,6.010188027214255,4.604923196461228,9.793834374399985,9.878713789939521,9.528905835816447,8.81428663210939,7.988198078188505,9.703770528421662,9.667865498052631,9.589158082408906,9.501574344745691,9.431439893843178,9.817069898385421,9.96009408419913,10.169943726827661,10.354499508394456,10.509553850399847,9.862553011000932,10.023982118715105,10.315828663011981,10.59760921360648,10.69637733122661,9.750209026604594,9.75845428227946,9.78164996996063,9.803480784050157,9.84959972038188
urban decentral resistive heater,1.6204652428304294,1.6248438900597417,1.627718475869307,1.637755114070395,1.6464924565558563,1.6604081431880664,1.5661452552649808,1.5075094400908247,1.3917749430005635,1.254652402471502,1.1006948742265155,1.6174880648576322,1.6107353008680416,1.6056351496687589,1.5989937114781423,1.5909477692430924,1.622548768522808,1.6240391078829708,1.6285155376521487,1.6345713110854383,1.638721487824553,1.6158091282835736,1.6078334031138972,1.5970528219255204,1.5847403684320271,1.5733482958666223,1.6160840246803403,1.6063503481796515,1.5911027615096334,1.573373631711521,1.5684196475320746,1.6200207697092779,1.6196216075872063,1.6183241203543761,1.6178771020446416,1.6155724963962685
urban decentral solar thermal,1.6301957656170754e-06,2.4432413199110816e-06,4.2340251306860125e-07,1.9860037824723673e-07,2.9047777441215254e-06,5.64457711060009e-05,4.995799506586405e-07,2.2083303181040038e-08,1.9651852751618294e-08,3.5633712510574964e-08,3.105972378018127e-08,3.392059277288059e-06,2.1023358602037316e-06,1.9676411594460208e-07,7.607693334916022e-07,3.285219738311071e-06,3.242806508737941e-06,9.98240211729713e-07,1.5582688073556177e-06,1.3312061594949374e-08,3.391921403147776e-07,3.8019380589546012e-06,4.945811186709905e-07,5.096988511643589e-07,2.2263686722591864e-06,2.9240171215887147e-07,5.568359859365195e-07,3.001896903148982e-07,2.367176141662152e-06,1.1452100915737912e-08,1.6705262122770748e-06,3.6123114306382676e-06,4.7222473942132855e-09,1.4252583147143553e-06,3.426290406370355e-07,8.086539946793437e-07
urban decentral water tanks,1.2100365951730974,1.1907690057876057,1.1719551196970512,1.1371390361606026,1.088737762894713,1.0724419039898683,1.1405513776009892,1.0534384905604781,0.9302756245638856,0.8116507666605772,0.7190005810857251,1.189999646748529,1.1682251988841599,1.137491659277924,1.0872660673251817,1.0400328087135138,1.2028211780079086,1.1991970714893896,1.1851478354636424,1.1700565815757182,1.155342754895514,1.2082268849767694,1.2017750932190996,1.1912546511897586,1.1863823110414984,1.1814548470174684,1.210560307827569,1.1992578883677933,1.1941355935716171,1.1884873974833876,1.1859101673540235,1.2094597709169936,1.2091905486687293,1.2107056699637055,1.2119107618293021,1.21268309635221
urban decentral water tanks charger,0.0015435821332085333,0.0015282103152790996,0.001535472712204682,0.001501391963553372,0.0014541118074611174,0.0014572649095249079,0.0014319703928768138,0.0013357596053581282,0.0012011897496867609,0.0010088617791868956,0.0008715334767321261,0.0015560098002296643,0.001487323178604926,0.0015013655167196542,0.0014272979358883422,0.0013820216886040032,0.0015577397226177554,0.0015558857412931854,0.0015664556783707563,0.0015565042485143,0.0015133729512732425,0.0015750884012810504,0.0015607979720740006,0.0014965596804011646,0.0014874767319009881,0.0015168942977081855,0.0015325682659887753,0.0015236932514306092,0.0014660676144870712,0.0014953847273558136,0.0014624885126039964,0.0015550976621067562,0.0015414607611981123,0.0015390917812513488,0.0015392800296566503,0.0015542580738289317
urban decentral water tanks discharger,0.0011281333710755474,0.001137811699227535,0.0010921994720978236,0.0010841389868766638,0.0010713447533758213,0.0010870953505916874,0.001062350104408941,0.0009781547113405246,0.0008381703006242469,0.0007256821653050854,0.0006481771934342094,0.001087173076470212,0.0010705837703383434,0.0010508260236912522,0.0010258108695382529,0.00103301842774788,0.0011044318087051726,0.0011041879571712563,0.0010957774196550193,0.0010901875794685893,0.0011125519081970417,0.001098892569152718,0.0010885857002360221,0.0010935915731363187,0.0011058470895681696,0.0010572589918642424,0.0011391283241965488,0.0010860103472346936,0.0010886758082634747,0.0010538760326420898,0.0010860523677546148,0.0011102684011439887,0.0011267941585911248,0.0011445783349982885,0.0011251265521221665,0.0011002395002066433
